institution_code,group_code,course_code,title,credits,source
BMCC,BMCC_GENERAL_ELECTIVE,ENG 321,Film,3,https://www.bmcc.cuny.edu/academics/departments/english/english-department-course-listings/
BMCC,BMCC_GENERAL_ELECTIVE,LIN 250,Forensic Linguistics,3,https://www.bmcc.cuny.edu/academics/departments/criminal-justice/criminal-justice/
BMCC,RC_ENGLISH_COMPOSITION,ENG 100.5,"Intensive English Composition (Same as ENG 101)",3,https://www.bmcc.cuny.edu/academics/pathways/english-composition/
BMCC,RC_ENGLISH_COMPOSITION,ENG 100.7,"Intensive Composition for ESL Students (Same as ENG 101)",3,https://www.bmcc.cuny.edu/academics/pathways/english-composition/
BMCC,RC_ENGLISH_COMPOSITION,ENG 101,"English Composition",3,https://www.bmcc.cuny.edu/academics/pathways/english-composition/
BMCC,RC_ENGLISH_COMPOSITION,ENG 121,"English Composition & Introduction to Literature in Tandem",6,https://www.bmcc.cuny.edu/academics/pathways/english-composition/
BMCC,RC_ENGLISH_COMPOSITION,ENG 201,"Introduction to Literature",3,https://www.bmcc.cuny.edu/academics/pathways/english-composition/
BMCC,RC_MATH_QUANT,CSC 103,"Introduction to Data Analytics",3,https://www.bmcc.cuny.edu/academics/pathways/mathematical-and-quantitative-reasoning/
BMCC,RC_MATH_QUANT,MAT 100,"Fundamentals of Mathematics I",4,https://www.bmcc.cuny.edu/academics/pathways/mathematical-and-quantitative-reasoning/
BMCC,RC_MATH_QUANT,MAT 104,"Mathematics for Health Sciences",3,https://www.bmcc.cuny.edu/academics/pathways/mathematical-and-quantitative-reasoning/
BMCC,RC_MATH_QUANT,MAT 104.5,"Mathematics for Health Sciences with Elementary Algebra",3,https://www.bmcc.cuny.edu/academics/pathways/mathematical-and-quantitative-reasoning/
BMCC,RC_MATH_QUANT,MAT 109,"Mathematics for Respiratory Therapy",3,https://www.bmcc.cuny.edu/academics/pathways/mathematical-and-quantitative-reasoning/
BMCC,RC_MATH_QUANT,MAT 110,"Fundamentals of Mathematics I",3,https://www.bmcc.cuny.edu/academics/pathways/mathematical-and-quantitative-reasoning/
BMCC,RC_MATH_QUANT,MAT 110.5,"Fundamentals of Mathematics I with Algebra",3,https://www.bmcc.cuny.edu/academics/pathways/mathematical-and-quantitative-reasoning/
BMCC,RC_MATH_QUANT,MAT 150,"Introduction to Statistics (same as MAT 150.5)",4,https://www.bmcc.cuny.edu/academics/pathways/mathematical-and-quantitative-reasoning/
BMCC,RC_MATH_QUANT,MAT 150.5,"Introduction to Statistics with Algebra (same as MAT 150)",4,https://www.bmcc.cuny.edu/academics/pathways/mathematical-and-quantitative-reasoning/
BMCC,RC_MATH_QUANT,MAT 156,"College Algebra",3,https://www.bmcc.cuny.edu/academics/pathways/mathematical-and-quantitative-reasoning/
BMCC,RC_MATH_QUANT,MAT 156.5,"Elementary and College Algebra",3,https://www.bmcc.cuny.edu/academics/pathways/mathematical-and-quantitative-reasoning/
BMCC,RC_MATH_QUANT,MAT 160,"Quantitative Reasoning",4,https://www.bmcc.cuny.edu/academics/pathways/mathematical-and-quantitative-reasoning/
BMCC,RC_MATH_QUANT,MAT 161,"Topics in Quantitative Reasoning",3,https://www.bmcc.cuny.edu/academics/pathways/mathematical-and-quantitative-reasoning/
BMCC,RC_MATH_QUANT,MAT 161.5,"Mathematics Literacy and Quantitative Reasoning",3,https://www.bmcc.cuny.edu/academics/pathways/mathematical-and-quantitative-reasoning/
BMCC,RC_MATH_QUANT,MAT 200,"Introduction to Discrete Mathematics",4,https://www.bmcc.cuny.edu/academics/pathways/mathematical-and-quantitative-reasoning/
BMCC,RC_MATH_QUANT,MAT 206,"Precalculus",4,https://www.bmcc.cuny.edu/academics/pathways/mathematical-and-quantitative-reasoning/
BMCC,RC_MATH_QUANT,MAT 206.5,"Intermediate Algebra and Precalculus (Same as MAT 206)",4,https://www.bmcc.cuny.edu/academics/pathways/mathematical-and-quantitative-reasoning/
BMCC,RC_MATH_QUANT,MAT 209,"Statistics",4,https://www.bmcc.cuny.edu/academics/pathways/mathematical-and-quantitative-reasoning/
BMCC,RC_MATH_QUANT,MAT 214,"Mathematics for Elementary Education I",4,https://www.bmcc.cuny.edu/academics/pathways/mathematical-and-quantitative-reasoning/
BMCC,RC_MATH_QUANT,MAT 214.5,"Mathematics for Elementary Education with Algebra",4,https://www.bmcc.cuny.edu/academics/pathways/mathematical-and-quantitative-reasoning/
BMCC,RC_MATH_QUANT,MAT 301,"Analytic Geometry and Calculus I",4,https://www.bmcc.cuny.edu/academics/pathways/mathematical-and-quantitative-reasoning/
BMCC,RC_MATH_QUANT,MAT 302,"Analytic Geometry and Calculus II",4,https://www.bmcc.cuny.edu/academics/pathways/mathematical-and-quantitative-reasoning/
BMCC,RC_MATH_QUANT,MAT 303,"Analytic Geometry and Calculus III",4,https://www.bmcc.cuny.edu/academics/pathways/mathematical-and-quantitative-reasoning/
BMCC,RC_MATH_QUANT,MAT 315,"Linear Algebra",3,https://www.bmcc.cuny.edu/academics/pathways/mathematical-and-quantitative-reasoning/
BMCC,RC_MATH_QUANT,MAT 320,"Abstract Algebra",3,https://www.bmcc.cuny.edu/academics/pathways/mathematical-and-quantitative-reasoning/
BMCC,RC_MATH_QUANT,MAT 501,"Ordinary Differential Equations",3,https://www.bmcc.cuny.edu/academics/pathways/mathematical-and-quantitative-reasoning/
BMCC,RC_MATH_QUANT,MAT 505,"History of Mathematics",3,https://www.bmcc.cuny.edu/academics/pathways/mathematical-and-quantitative-reasoning/
BMCC,RC_MATH_QUANT,MAT 601,"Advanced Calculus I",4,https://www.bmcc.cuny.edu/academics/pathways/mathematical-and-quantitative-reasoning/
BMCC,RC_LIFE_PHYSICAL,AST 109,"Astronomy: General Observations",3,https://www.bmcc.cuny.edu/academics/pathways/life-and-physical-sciences/
BMCC,RC_LIFE_PHYSICAL,AST 110,"General Astronomy",4,https://www.bmcc.cuny.edu/academics/pathways/life-and-physical-sciences/
BMCC,RC_LIFE_PHYSICAL,BIO 109,"General Biology",3,https://www.bmcc.cuny.edu/academics/pathways/life-and-physical-sciences/
BMCC,RC_LIFE_PHYSICAL,BIO 111,"Human Biology",4,https://www.bmcc.cuny.edu/academics/pathways/life-and-physical-sciences/
BMCC,RC_LIFE_PHYSICAL,BIO 210,"Biology I",4,https://www.bmcc.cuny.edu/academics/pathways/life-and-physical-sciences/
BMCC,RC_LIFE_PHYSICAL,BIO 220,"Biology II",4,https://www.bmcc.cuny.edu/academics/pathways/life-and-physical-sciences/
BMCC,RC_LIFE_PHYSICAL,BIO 230,"Fundamentals of Microbiology",4,https://www.bmcc.cuny.edu/academics/pathways/life-and-physical-sciences/
BMCC,RC_LIFE_PHYSICAL,BIO 240,"Genetics",4,https://www.bmcc.cuny.edu/academics/pathways/life-and-physical-sciences/
BMCC,RC_LIFE_PHYSICAL,BIO 260,"Cell Biology",4,https://www.bmcc.cuny.edu/academics/pathways/life-and-physical-sciences/
BMCC,RC_LIFE_PHYSICAL,BIO 420,"Microbiology",4,https://www.bmcc.cuny.edu/academics/pathways/life-and-physical-sciences/
BMCC,RC_LIFE_PHYSICAL,BIO 425,"Anatomy and Physiology I",4,https://www.bmcc.cuny.edu/academics/pathways/life-and-physical-sciences/
BMCC,RC_LIFE_PHYSICAL,BIO 426,"Anatomy and Physiology II",4,https://www.bmcc.cuny.edu/academics/pathways/life-and-physical-sciences/
BMCC,RC_LIFE_PHYSICAL,BTE 201,"Introduction to Biotechnology",5,https://www.bmcc.cuny.edu/academics/pathways/life-and-physical-sciences/
BMCC,RC_LIFE_PHYSICAL,CHE 109,"Concepts in Chemistry Laboratory",3,https://www.bmcc.cuny.edu/academics/pathways/life-and-physical-sciences/
BMCC,RC_LIFE_PHYSICAL,CHE 121,"Fundamentals of General, Organic & Biological Chemistry I",4,https://www.bmcc.cuny.edu/academics/pathways/life-and-physical-sciences/
BMCC,RC_LIFE_PHYSICAL,CHE 201,"College Chemistry I",4,https://www.bmcc.cuny.edu/academics/pathways/life-and-physical-sciences/
BMCC,RC_LIFE_PHYSICAL,CHE 202,"College Chemistry II",4,https://www.bmcc.cuny.edu/academics/pathways/life-and-physical-sciences/
BMCC,RC_LIFE_PHYSICAL,CHE 205,"Quantitative Analysis",4,https://www.bmcc.cuny.edu/academics/pathways/life-and-physical-sciences/
BMCC,RC_LIFE_PHYSICAL,CHE 230,"Organic Chemistry I",5,https://www.bmcc.cuny.edu/academics/pathways/life-and-physical-sciences/
BMCC,RC_LIFE_PHYSICAL,CHE 240,"Organic Chemistry II",5,https://www.bmcc.cuny.edu/academics/pathways/life-and-physical-sciences/
BMCC,RC_LIFE_PHYSICAL,GLY 210,"Geology I",4,https://www.bmcc.cuny.edu/academics/pathways/life-and-physical-sciences/
BMCC,RC_LIFE_PHYSICAL,PHY 109,"General Physics Experiments",3,https://www.bmcc.cuny.edu/academics/pathways/life-and-physical-sciences/
BMCC,RC_LIFE_PHYSICAL,PHY 110,"General Physics",4,https://www.bmcc.cuny.edu/academics/pathways/life-and-physical-sciences/
BMCC,RC_LIFE_PHYSICAL,PHY 210,"Physics I",4,https://www.bmcc.cuny.edu/academics/pathways/life-and-physical-sciences/
BMCC,RC_LIFE_PHYSICAL,PHY 215,"University Physics I",4,https://www.bmcc.cuny.edu/academics/pathways/life-and-physical-sciences/
BMCC,RC_LIFE_PHYSICAL,PHY 220,"Physics II",4,https://www.bmcc.cuny.edu/academics/pathways/life-and-physical-sciences/
BMCC,RC_LIFE_PHYSICAL,PHY 225,"University Physics II",4,https://www.bmcc.cuny.edu/academics/pathways/life-and-physical-sciences/
BMCC,RC_LIFE_PHYSICAL,PHY 240,"Modern Physics",3,https://www.bmcc.cuny.edu/academics/pathways/life-and-physical-sciences/
BMCC,RC_LIFE_PHYSICAL,PHY 400,"The Physics of Music",4,https://www.bmcc.cuny.edu/academics/pathways/life-and-physical-sciences/
BMCC,RC_LIFE_PHYSICAL,SCI 120,"Computer Methods in Science",4,https://www.bmcc.cuny.edu/academics/pathways/life-and-physical-sciences/
BMCC,RC_LIFE_PHYSICAL,SCI 121,"Computer Methods in Science (Pascal)",4,https://www.bmcc.cuny.edu/academics/pathways/life-and-physical-sciences/
BMCC,RC_LIFE_PHYSICAL,SCI 140,"Introduction to Microprocessors",4,https://www.bmcc.cuny.edu/academics/pathways/life-and-physical-sciences/
BMCC,RC_LIFE_PHYSICAL,SCI 430,"Scientific Instrumentation",4,https://www.bmcc.cuny.edu/academics/pathways/life-and-physical-sciences/
BMCC,FC_CREATIVE,ART 102,"Survey of Art History I",3,https://www.bmcc.cuny.edu/academics/pathways/creative-expression/
BMCC,FC_CREATIVE,ART 104,"Survey of Art History II",3,https://www.bmcc.cuny.edu/academics/pathways/creative-expression/
BMCC,FC_CREATIVE,ART 106,"Modern and Contemporary Art",3,https://www.bmcc.cuny.edu/academics/pathways/creative-expression/
BMCC,FC_CREATIVE,ART 113,"History of Graphic Design",3,https://www.bmcc.cuny.edu/academics/pathways/creative-expression/
BMCC,FC_CREATIVE,ART 122,"History of Photography",3,https://www.bmcc.cuny.edu/academics/pathways/creative-expression/
BMCC,FC_CREATIVE,ART 125,"Introduction to Latin American Art",3,https://www.bmcc.cuny.edu/academics/pathways/creative-expression/
BMCC,FC_CREATIVE,ART 126,"Introduction to African Art",3,https://www.bmcc.cuny.edu/academics/pathways/creative-expression/
BMCC,FC_CREATIVE,ART 251,"Asian Art History",3,https://www.bmcc.cuny.edu/academics/pathways/creative-expression/
BMCC,FC_CREATIVE,ENG 116,"Creative Writing Foundations",3,https://www.bmcc.cuny.edu/academics/pathways/creative-expression/
BMCC,FC_CREATIVE,MES 153,"Script Writing",3,https://www.bmcc.cuny.edu/academics/pathways/creative-expression/
BMCC,FC_CREATIVE,MUS 102,"Music Survey",3,https://www.bmcc.cuny.edu/academics/pathways/creative-expression/
BMCC,FC_CREATIVE,MUS 103,"Music and Western Society",3,https://www.bmcc.cuny.edu/academics/pathways/creative-expression/
BMCC,FC_CREATIVE,MUS 104,"The World of Jazz",3,https://www.bmcc.cuny.edu/academics/pathways/creative-expression/
BMCC,FC_CREATIVE,MUS 107,"Introduction to World Music",3,https://www.bmcc.cuny.edu/academics/pathways/creative-expression/
BMCC,FC_CREATIVE,MUS 109,"Bebop to Hip-Hop",3,https://www.bmcc.cuny.edu/academics/pathways/creative-expression/
BMCC,FC_CREATIVE,MUS 122,"The World of Hip-Hop",3,https://www.bmcc.cuny.edu/academics/pathways/creative-expression/
BMCC,FC_CREATIVE,MUS 128,"The Music of Latin America",3,https://www.bmcc.cuny.edu/academics/pathways/creative-expression/
BMCC,FC_CREATIVE,MUS 129,"Women in Music",3,https://www.bmcc.cuny.edu/academics/pathways/creative-expression/
BMCC,FC_CREATIVE,MUS 132,"The Music of Brazil",3,https://www.bmcc.cuny.edu/academics/pathways/creative-expression/
BMCC,FC_CREATIVE,SPE 100,"Fundamentals of Public Speaking",3,https://www.bmcc.cuny.edu/academics/pathways/creative-expression/
BMCC,FC_CREATIVE,SPE 102,"Fundamentals of Public Speaking for Non-Native Speakers",3,https://www.bmcc.cuny.edu/academics/pathways/creative-expression/
BMCC,FC_CREATIVE,THE 100,"Introduction to Theatre",3,https://www.bmcc.cuny.edu/academics/pathways/creative-expression/
BMCC,FC_INDIVIDUAL,ACL 200,"Literacy Practices: Birth through Adolescence",3,https://www.bmcc.cuny.edu/academics/pathways/individual-and-society/
BMCC,FC_INDIVIDUAL,ANT 115,"Language and Culture (Same as LIN 100)",3,https://www.bmcc.cuny.edu/academics/pathways/individual-and-society/
BMCC,FC_INDIVIDUAL,COM 100,"Introduction to Communication Studies",3,https://www.bmcc.cuny.edu/academics/pathways/individual-and-society/
BMCC,FC_INDIVIDUAL,COM 150,"Introduction to Digital Communication and Culture",3,https://www.bmcc.cuny.edu/academics/pathways/individual-and-society/
BMCC,FC_INDIVIDUAL,COM 240,"Interpersonal Communication",3,https://www.bmcc.cuny.edu/academics/pathways/individual-and-society/
BMCC,FC_INDIVIDUAL,CRT 100,"Critical Thinking (Same as PHI 115)",3,https://www.bmcc.cuny.edu/academics/pathways/individual-and-society/
BMCC,FC_INDIVIDUAL,CRT 100.6,"Critical Thinking for ESL Reading & Writing Proficiency (Same as CRT 100)",3,https://www.bmcc.cuny.edu/academics/pathways/individual-and-society/
BMCC,FC_INDIVIDUAL,CRT 120,"Critical Thinking and Social Justice",3,https://www.bmcc.cuny.edu/academics/pathways/individual-and-society/
BMCC,FC_INDIVIDUAL,CRT 196,"Queer Theories",3,https://www.bmcc.cuny.edu/academics/pathways/individual-and-society/
BMCC,FC_INDIVIDUAL,CRT 245,"Critical Thinking and Media Literacy",3,https://www.bmcc.cuny.edu/academics/pathways/individual-and-society/
BMCC,FC_INDIVIDUAL,CYS 100,"Introduction to Children & Youth Studies",3,https://www.bmcc.cuny.edu/academics/pathways/individual-and-society/
BMCC,FC_INDIVIDUAL,ECO 100,"Introduction to Economics",3,https://www.bmcc.cuny.edu/academics/pathways/individual-and-society/
BMCC,FC_INDIVIDUAL,ECO 202,"Microeconomics",3,https://www.bmcc.cuny.edu/academics/pathways/individual-and-society/
BMCC,FC_INDIVIDUAL,GWS 100,"Introduction to Gender and Women's Studies",3,https://www.bmcc.cuny.edu/academics/pathways/individual-and-society/
BMCC,FC_INDIVIDUAL,HIS 101,"Western Civilization: From Ancient  to Early Modern Times",3,https://www.bmcc.cuny.edu/academics/pathways/individual-and-society/
BMCC,FC_INDIVIDUAL,HIS 102,"Western Civilization: The Emergence of the Modern World",3,https://www.bmcc.cuny.edu/academics/pathways/individual-and-society/
BMCC,FC_INDIVIDUAL,HSD 108,"Health, Illness & Society",3,https://www.bmcc.cuny.edu/academics/pathways/individual-and-society/
BMCC,FC_INDIVIDUAL,LIN 100,"Language and Culture (Same as ANT 115)",3,https://www.bmcc.cuny.edu/academics/pathways/individual-and-society/
BMCC,FC_INDIVIDUAL,LIN 100.6,"Language and Culture for ESL Reading & Writing Proficiency",3,https://www.bmcc.cuny.edu/academics/pathways/individual-and-society/
BMCC,FC_INDIVIDUAL,MES 152,"Introduction to Contemporary Media",3,https://www.bmcc.cuny.edu/academics/pathways/individual-and-society/
BMCC,FC_INDIVIDUAL,PHI 100,"Philosophy",3,https://www.bmcc.cuny.edu/academics/pathways/individual-and-society/
BMCC,FC_INDIVIDUAL,PHI 115,"Critical Thinking (Same as CRT 100)",3,https://www.bmcc.cuny.edu/academics/pathways/individual-and-society/
BMCC,FC_INDIVIDUAL,PHI 120,"Ethics",3,https://www.bmcc.cuny.edu/academics/pathways/individual-and-society/
BMCC,FC_INDIVIDUAL,PHI 125,"Philosophy of Psychology",3,https://www.bmcc.cuny.edu/academics/pathways/individual-and-society/
BMCC,FC_INDIVIDUAL,POL 110,"Introduction to Politics",3,https://www.bmcc.cuny.edu/academics/pathways/individual-and-society/
BMCC,FC_INDIVIDUAL,POL 120,"Gender and Politics",3,https://www.bmcc.cuny.edu/academics/pathways/individual-and-society/
BMCC,FC_INDIVIDUAL,SOC 100,"Introduction to Sociology",3,https://www.bmcc.cuny.edu/academics/pathways/individual-and-society/
BMCC,FC_INDIVIDUAL,SOC 111,"Understanding Technological Society",3,https://www.bmcc.cuny.edu/academics/pathways/individual-and-society/
BMCC,FC_INDIVIDUAL,SPN 460,"Masculinities in Latin American Literature",3,https://www.bmcc.cuny.edu/academics/pathways/individual-and-society/
BMCC,FC_INDIVIDUAL,SPN 461,"LGBTQ+ Literature in Spanish",3,https://www.bmcc.cuny.edu/academics/pathways/individual-and-society/
BMCC,FC_SCIENTIFIC_WORLD,ACL 115,"AI Literacies for Innovative Thinking",3,https://www.bmcc.cuny.edu/academics/pathways/scientific-world/
BMCC,FC_SCIENTIFIC_WORLD,ACL 205,"Health Literacies",3,https://www.bmcc.cuny.edu/academics/pathways/scientific-world/
BMCC,FC_SCIENTIFIC_WORLD,AST 106,"Astronomy: Models",3,https://www.bmcc.cuny.edu/academics/pathways/scientific-world/
BMCC,FC_SCIENTIFIC_WORLD,AST 108,"Astronomy: General Theory",3,https://www.bmcc.cuny.edu/academics/pathways/scientific-world/
BMCC,FC_SCIENTIFIC_WORLD,AST 110,"General Astronomy",4,https://www.bmcc.cuny.edu/academics/pathways/scientific-world/
BMCC,FC_SCIENTIFIC_WORLD,BIO 108,"General Biology Theory",3,https://www.bmcc.cuny.edu/academics/pathways/scientific-world/
BMCC,FC_SCIENTIFIC_WORLD,BIO 111,"Human Biology",4,https://www.bmcc.cuny.edu/academics/pathways/scientific-world/
BMCC,FC_SCIENTIFIC_WORLD,BIO 210,"Biology I",4,https://www.bmcc.cuny.edu/academics/pathways/scientific-world/
BMCC,FC_SCIENTIFIC_WORLD,BIO 220,"Biology II",4,https://www.bmcc.cuny.edu/academics/pathways/scientific-world/
BMCC,FC_SCIENTIFIC_WORLD,BIO 230,"Fundamentals of Microbiology",4,https://www.bmcc.cuny.edu/academics/pathways/scientific-world/
BMCC,FC_SCIENTIFIC_WORLD,BIO 240,"Genetics",4,https://www.bmcc.cuny.edu/academics/pathways/scientific-world/
BMCC,FC_SCIENTIFIC_WORLD,BIO 260,"Cell Biology",4,https://www.bmcc.cuny.edu/academics/pathways/scientific-world/
BMCC,FC_SCIENTIFIC_WORLD,BIO 420,"Microbiology",4,https://www.bmcc.cuny.edu/academics/pathways/scientific-world/
BMCC,FC_SCIENTIFIC_WORLD,BIO 425,"Anatomy and Physiology I",4,https://www.bmcc.cuny.edu/academics/pathways/scientific-world/
BMCC,FC_SCIENTIFIC_WORLD,BIO 426,"Anatomy and Physiology II",4,https://www.bmcc.cuny.edu/academics/pathways/scientific-world/
BMCC,FC_SCIENTIFIC_WORLD,BTE 201,"Introduction to Biotechnology",5,https://www.bmcc.cuny.edu/academics/pathways/scientific-world/
BMCC,FC_SCIENTIFIC_WORLD,CHE 108,"Concepts in Chemistry",3,https://www.bmcc.cuny.edu/academics/pathways/scientific-world/
BMCC,FC_SCIENTIFIC_WORLD,CHE 118,"Fundamentals of Chemistry",4,https://www.bmcc.cuny.edu/academics/pathways/scientific-world/
BMCC,FC_SCIENTIFIC_WORLD,CHE 120,"Fundamentals of Organic Chemistry",4,https://www.bmcc.cuny.edu/academics/pathways/scientific-world/
BMCC,FC_SCIENTIFIC_WORLD,CHE 121,"Fundamentals of General, Organic & Biological Chemistry I",4,https://www.bmcc.cuny.edu/academics/pathways/scientific-world/
BMCC,FC_SCIENTIFIC_WORLD,CHE 201,"College Chemistry I",4,https://www.bmcc.cuny.edu/academics/pathways/scientific-world/
BMCC,FC_SCIENTIFIC_WORLD,CHE 202,"College Chemistry II",4,https://www.bmcc.cuny.edu/academics/pathways/scientific-world/
BMCC,FC_SCIENTIFIC_WORLD,CHE 205,"Quantitative Analysis",4,https://www.bmcc.cuny.edu/academics/pathways/scientific-world/
BMCC,FC_SCIENTIFIC_WORLD,CHE 230,"Organic Chemistry I",5,https://www.bmcc.cuny.edu/academics/pathways/scientific-world/
BMCC,FC_SCIENTIFIC_WORLD,CHE 240,"Organic Chemistry II",5,https://www.bmcc.cuny.edu/academics/pathways/scientific-world/
BMCC,FC_SCIENTIFIC_WORLD,CRT 150,"Critical Thinking and Scientific Inquiry",3,https://www.bmcc.cuny.edu/academics/pathways/scientific-world/
BMCC,FC_SCIENTIFIC_WORLD,CSC 101,"Principles in Information Technology and Computation",3,https://www.bmcc.cuny.edu/academics/pathways/scientific-world/
BMCC,FC_SCIENTIFIC_WORLD,CSC 102,"Exploring Robotics",3,https://www.bmcc.cuny.edu/academics/pathways/scientific-world/
BMCC,FC_SCIENTIFIC_WORLD,CSC 110,"Computer Programming I",4,https://www.bmcc.cuny.edu/academics/pathways/scientific-world/
BMCC,FC_SCIENTIFIC_WORLD,CSC 111,"Introduction to Programming",4,https://www.bmcc.cuny.edu/academics/pathways/scientific-world/
BMCC,FC_SCIENTIFIC_WORLD,CSC 210,"Computer Programming II",3,https://www.bmcc.cuny.edu/academics/pathways/scientific-world/
BMCC,FC_SCIENTIFIC_WORLD,GIS 101,"Digital Earth",3,https://www.bmcc.cuny.edu/academics/pathways/scientific-world/
BMCC,FC_SCIENTIFIC_WORLD,GLY 210,"Geology I",4,https://www.bmcc.cuny.edu/academics/pathways/scientific-world/
BMCC,FC_SCIENTIFIC_WORLD,LIN 101,"Introduction to Linguistics",3,https://www.bmcc.cuny.edu/academics/pathways/scientific-world/
BMCC,FC_SCIENTIFIC_WORLD,MMP 100,"Introduction to Multimedia",3,https://www.bmcc.cuny.edu/academics/pathways/scientific-world/
BMCC,FC_SCIENTIFIC_WORLD,PHI 110,"Logic",3,https://www.bmcc.cuny.edu/academics/pathways/scientific-world/
BMCC,FC_SCIENTIFIC_WORLD,PHI 111,"Cultural and Ethical Issues in Science and Technology",3,https://www.bmcc.cuny.edu/academics/pathways/scientific-world/
BMCC,FC_SCIENTIFIC_WORLD,PHY 108,"General Physics Theory",3,https://www.bmcc.cuny.edu/academics/pathways/scientific-world/
BMCC,FC_SCIENTIFIC_WORLD,PHY 110,"General Physics",4,https://www.bmcc.cuny.edu/academics/pathways/scientific-world/
BMCC,FC_SCIENTIFIC_WORLD,PHY 210,"Physics I",4,https://www.bmcc.cuny.edu/academics/pathways/scientific-world/
BMCC,FC_SCIENTIFIC_WORLD,PHY 215,"University Physics I",4,https://www.bmcc.cuny.edu/academics/pathways/scientific-world/
BMCC,FC_SCIENTIFIC_WORLD,PHY 220,"Physics II",4,https://www.bmcc.cuny.edu/academics/pathways/scientific-world/
BMCC,FC_SCIENTIFIC_WORLD,PHY 225,"University Physics II",4,https://www.bmcc.cuny.edu/academics/pathways/scientific-world/
BMCC,FC_SCIENTIFIC_WORLD,PHY 240,"Modern Physics",3,https://www.bmcc.cuny.edu/academics/pathways/scientific-world/
BMCC,FC_SCIENTIFIC_WORLD,PHY 400,"The Physics of Music",4,https://www.bmcc.cuny.edu/academics/pathways/scientific-world/
BMCC,FC_SCIENTIFIC_WORLD,PSY 100,"Introduction to Psychology",3,https://www.bmcc.cuny.edu/academics/pathways/scientific-world/
BMCC,FC_SCIENTIFIC_WORLD,SCI 120,"Computer Methods in Science",4,https://www.bmcc.cuny.edu/academics/pathways/scientific-world/
BMCC,FC_SCIENTIFIC_WORLD,SCI 121,"Computer Methods in Science (Pascal)",4,https://www.bmcc.cuny.edu/academics/pathways/scientific-world/
BMCC,FC_SCIENTIFIC_WORLD,SCI 140,"Introduction to Microprocessors",4,https://www.bmcc.cuny.edu/academics/pathways/scientific-world/
BMCC,FC_SCIENTIFIC_WORLD,SCI 430,"Scientific Instrumentation",4,https://www.bmcc.cuny.edu/academics/pathways/scientific-world/
BMCC,FC_US_EXPERIENCE,ACL 150,"Literacy in the United States",3,https://www.bmcc.cuny.edu/academics/pathways/u-s-experience-in-its-diversity/
BMCC,FC_US_EXPERIENCE,AFL 161,"Health Problems in Urban Communities",3,https://www.bmcc.cuny.edu/academics/pathways/u-s-experience-in-its-diversity/
BMCC,FC_US_EXPERIENCE,AFN 123,"African-American History, 17th Century to 1865",3,https://www.bmcc.cuny.edu/academics/pathways/u-s-experience-in-its-diversity/
BMCC,FC_US_EXPERIENCE,AFN 124,"African-American History, 1865 to Present",3,https://www.bmcc.cuny.edu/academics/pathways/u-s-experience-in-its-diversity/
BMCC,FC_US_EXPERIENCE,AFN 129,"The Black Man in Contemporary Society",3,https://www.bmcc.cuny.edu/academics/pathways/u-s-experience-in-its-diversity/
BMCC,FC_US_EXPERIENCE,ANT 125,"Puerto Rican Culture and Folklore (Same as LAT 125)",3,https://www.bmcc.cuny.edu/academics/pathways/u-s-experience-in-its-diversity/
BMCC,FC_US_EXPERIENCE,ASN 114,"Asian American History",3,https://www.bmcc.cuny.edu/academics/pathways/u-s-experience-in-its-diversity/
BMCC,FC_US_EXPERIENCE,ASN 211,"Asian Americans in NYC",3,https://www.bmcc.cuny.edu/academics/pathways/u-s-experience-in-its-diversity/
BMCC,FC_US_EXPERIENCE,ECO 201,"Macroeconomics",3,https://www.bmcc.cuny.edu/academics/pathways/u-s-experience-in-its-diversity/
BMCC,FC_US_EXPERIENCE,ETH 100,"Introduction to Ethnic Studies",3,https://www.bmcc.cuny.edu/academics/pathways/u-s-experience-in-its-diversity/
BMCC,FC_US_EXPERIENCE,ETH 125,"Comparative Ethnic Studies (Same as SOC 125)",3,https://www.bmcc.cuny.edu/academics/pathways/u-s-experience-in-its-diversity/
BMCC,FC_US_EXPERIENCE,HIS 114,"Asian American History (Same as ASN 114)",3,https://www.bmcc.cuny.edu/academics/pathways/u-s-experience-in-its-diversity/
BMCC,FC_US_EXPERIENCE,HIS 120,"Early American History: Colonial Period to Civil War",3,https://www.bmcc.cuny.edu/academics/pathways/u-s-experience-in-its-diversity/
BMCC,FC_US_EXPERIENCE,HIS 123,"African American History: 17th Century to 1865  (Same as AFN 123)",3,https://www.bmcc.cuny.edu/academics/pathways/u-s-experience-in-its-diversity/
BMCC,FC_US_EXPERIENCE,HIS 124,"African-American History: 1865 to Present (Same as AFN 124)",3,https://www.bmcc.cuny.edu/academics/pathways/u-s-experience-in-its-diversity/
BMCC,FC_US_EXPERIENCE,HIS 125,"Modern American History: Civil War to Present",3,https://www.bmcc.cuny.edu/academics/pathways/u-s-experience-in-its-diversity/
BMCC,FC_US_EXPERIENCE,HSD 195,"Food, Culture and Society",3,https://www.bmcc.cuny.edu/academics/pathways/u-s-experience-in-its-diversity/
BMCC,FC_US_EXPERIENCE,LAT 125,"Puerto Rican Culture and Folklore",3,https://www.bmcc.cuny.edu/academics/pathways/u-s-experience-in-its-diversity/
BMCC,FC_US_EXPERIENCE,LAT 140,"Introduction to Mexican-American Studies",3,https://www.bmcc.cuny.edu/academics/pathways/u-s-experience-in-its-diversity/
BMCC,FC_US_EXPERIENCE,LIN 150,"Language, Race, and Ethnicity",3,https://www.bmcc.cuny.edu/academics/pathways/u-s-experience-in-its-diversity/
BMCC,FC_US_EXPERIENCE,POL 100,"American Government",3,https://www.bmcc.cuny.edu/academics/pathways/u-s-experience-in-its-diversity/
BMCC,FC_US_EXPERIENCE,SOC 125,"Comparative Ethnic Studies I (Same as AFL 125)",3,https://www.bmcc.cuny.edu/academics/pathways/u-s-experience-in-its-diversity/
BMCC,FC_US_EXPERIENCE,SOC 129,"The Black Man in Contemporary Society (Same as AFN 129)",3,https://www.bmcc.cuny.edu/academics/pathways/u-s-experience-in-its-diversity/
BMCC,FC_US_EXPERIENCE,SOC 150,"The Latino Experience in the U.S.  (Same as LAT 150)",3,https://www.bmcc.cuny.edu/academics/pathways/u-s-experience-in-its-diversity/
BMCC,FC_US_EXPERIENCE,SOC 161,"Health Problems in Urban Communities (Same as AFL 161)",3,https://www.bmcc.cuny.edu/academics/pathways/u-s-experience-in-its-diversity/
BMCC,FC_US_EXPERIENCE,SPN 485,"New York Literature in Spanish",3,https://www.bmcc.cuny.edu/academics/pathways/u-s-experience-in-its-diversity/
BMCC,FC_US_EXPERIENCE,SPN 490,"Spanish in the U.S.",3,https://www.bmcc.cuny.edu/academics/pathways/u-s-experience-in-its-diversity/
BMCC,FC_US_EXPERIENCE,URB 100,"Introduction to Urban Studies",3,https://www.bmcc.cuny.edu/academics/pathways/u-s-experience-in-its-diversity/
BMCC,FC_WORLD_CULTURES,ACL 195,"Literacy, Development, and Social Justice",3,https://www.bmcc.cuny.edu/academics/pathways/world-cultures-and-global-issues/
BMCC,FC_WORLD_CULTURES,AFL 151,"Political Economy of the Caribbean",3,https://www.bmcc.cuny.edu/academics/pathways/world-cultures-and-global-issues/
BMCC,FC_WORLD_CULTURES,AFN 121,"History of African Civilization",3,https://www.bmcc.cuny.edu/academics/pathways/world-cultures-and-global-issues/
BMCC,FC_WORLD_CULTURES,AFN 122,"Africa 1500 to Present",3,https://www.bmcc.cuny.edu/academics/pathways/world-cultures-and-global-issues/
BMCC,FC_WORLD_CULTURES,AFN 128,"Black Women in the Americas and the Caribbean",3,https://www.bmcc.cuny.edu/academics/pathways/world-cultures-and-global-issues/
BMCC,FC_WORLD_CULTURES,AFN 130,"The History of Haiti",3,https://www.bmcc.cuny.edu/academics/pathways/world-cultures-and-global-issues/
BMCC,FC_WORLD_CULTURES,AFN 152,"The Black Radical Tradition",3,https://www.bmcc.cuny.edu/academics/pathways/world-cultures-and-global-issues/
BMCC,FC_WORLD_CULTURES,ANT 100,"Introduction to Anthropology",3,https://www.bmcc.cuny.edu/academics/pathways/world-cultures-and-global-issues/
BMCC,FC_WORLD_CULTURES,ANT 111,"Chinese Culture and Heritage (Same as ASN 111)",3,https://www.bmcc.cuny.edu/academics/pathways/world-cultures-and-global-issues/
BMCC,FC_WORLD_CULTURES,ANT 128,"Black Women in the Americas and the Caribbean (Same as AFN 128)",3,https://www.bmcc.cuny.edu/academics/pathways/world-cultures-and-global-issues/
BMCC,FC_WORLD_CULTURES,ANT 200,"Peoples & Cultures of Latin America and the Caribbean (Same as LAT 200)",3,https://www.bmcc.cuny.edu/academics/pathways/world-cultures-and-global-issues/
BMCC,FC_WORLD_CULTURES,ARB 105,"Elementary Arabic I",3,https://www.bmcc.cuny.edu/academics/pathways/world-cultures-and-global-issues/
BMCC,FC_WORLD_CULTURES,ARB 106,"Elementary Arabic II",3,https://www.bmcc.cuny.edu/academics/pathways/world-cultures-and-global-issues/
BMCC,FC_WORLD_CULTURES,ARB 107,"Elementary Arabic for Speakers of Arabic",3,https://www.bmcc.cuny.edu/academics/pathways/world-cultures-and-global-issues/
BMCC,FC_WORLD_CULTURES,ARB 121,"Elementary Intensive Arabic I & II",6,https://www.bmcc.cuny.edu/academics/pathways/world-cultures-and-global-issues/
BMCC,FC_WORLD_CULTURES,ARB 200,"Intermediate Arabic I",3,https://www.bmcc.cuny.edu/academics/pathways/world-cultures-and-global-issues/
BMCC,FC_WORLD_CULTURES,ARB 210,"Intermediate Arabic II",3,https://www.bmcc.cuny.edu/academics/pathways/world-cultures-and-global-issues/
BMCC,FC_WORLD_CULTURES,ARB 221,"Intermediate Intensive Arabic I & II",6,https://www.bmcc.cuny.edu/academics/pathways/world-cultures-and-global-issues/
BMCC,FC_WORLD_CULTURES,ARB 300,"Advanced Arabic",3,https://www.bmcc.cuny.edu/academics/pathways/world-cultures-and-global-issues/
BMCC,FC_WORLD_CULTURES,ASL 105,"Elementary American Sign Language I",3,https://www.bmcc.cuny.edu/academics/pathways/world-cultures-and-global-issues/
BMCC,FC_WORLD_CULTURES,ASL 106,"Elementary American Sign Language II",3,https://www.bmcc.cuny.edu/academics/pathways/world-cultures-and-global-issues/
BMCC,FC_WORLD_CULTURES,ASL 121,"Elementary Intensive ASL I & II",6,https://www.bmcc.cuny.edu/academics/pathways/world-cultures-and-global-issues/
BMCC,FC_WORLD_CULTURES,ASN 111,"Chinese Culture and History",3,https://www.bmcc.cuny.edu/academics/pathways/world-cultures-and-global-issues/
BMCC,FC_WORLD_CULTURES,ASN 214,"Asian Pacific Islander American Media Representations",3,https://www.bmcc.cuny.edu/academics/pathways/world-cultures-and-global-issues/
BMCC,FC_WORLD_CULTURES,CHI 105,"Elementary Chinese I",3,https://www.bmcc.cuny.edu/academics/pathways/world-cultures-and-global-issues/
BMCC,FC_WORLD_CULTURES,CHI 106,"Elementary Chinese II",3,https://www.bmcc.cuny.edu/academics/pathways/world-cultures-and-global-issues/
BMCC,FC_WORLD_CULTURES,CHI 107,"Elementary Chinese for Heritage Speakers",3,https://www.bmcc.cuny.edu/academics/pathways/world-cultures-and-global-issues/
BMCC,FC_WORLD_CULTURES,CHI 170E,"Literature, Culture, and Civilization of China",3,https://www.bmcc.cuny.edu/academics/pathways/world-cultures-and-global-issues/
BMCC,FC_WORLD_CULTURES,CHI 200,"Intermediate Chinese I",3,https://www.bmcc.cuny.edu/academics/pathways/world-cultures-and-global-issues/
BMCC,FC_WORLD_CULTURES,CHI 203,"Chinese Culture and Civilization",3,https://www.bmcc.cuny.edu/academics/pathways/world-cultures-and-global-issues/
BMCC,FC_WORLD_CULTURES,CHI 210,"Intermediate Chinese II",3,https://www.bmcc.cuny.edu/academics/pathways/world-cultures-and-global-issues/
BMCC,FC_WORLD_CULTURES,CHI 300,"Advanced Chinese",3,https://www.bmcc.cuny.edu/academics/pathways/world-cultures-and-global-issues/
BMCC,FC_WORLD_CULTURES,CHI 411,"Modern Chinese Film",3,https://www.bmcc.cuny.edu/academics/pathways/world-cultures-and-global-issues/
BMCC,FC_WORLD_CULTURES,CHI 440,"20th Century Chinese literature",3,https://www.bmcc.cuny.edu/academics/pathways/world-cultures-and-global-issues/
BMCC,FC_WORLD_CULTURES,CHI 476,"Chinese Civilization and Language",3,https://www.bmcc.cuny.edu/academics/pathways/world-cultures-and-global-issues/
BMCC,FC_WORLD_CULTURES,COM 255,"Intercultural Communication",3,https://www.bmcc.cuny.edu/academics/pathways/world-cultures-and-global-issues/
BMCC,FC_WORLD_CULTURES,ECO 151,"Political Economy of the Caribbean (Same as AFL 151)",3,https://www.bmcc.cuny.edu/academics/pathways/world-cultures-and-global-issues/
BMCC,FC_WORLD_CULTURES,FRN 105,"Elementary French I",3,https://www.bmcc.cuny.edu/academics/pathways/world-cultures-and-global-issues/
BMCC,FC_WORLD_CULTURES,FRN 106,"Elementary French II",3,https://www.bmcc.cuny.edu/academics/pathways/world-cultures-and-global-issues/
BMCC,FC_WORLD_CULTURES,FRN 121,"Elementary Intensive French 1 & 2",6,https://www.bmcc.cuny.edu/academics/pathways/world-cultures-and-global-issues/
BMCC,FC_WORLD_CULTURES,FRN 200,"Intermediate French I",3,https://www.bmcc.cuny.edu/academics/pathways/world-cultures-and-global-issues/
BMCC,FC_WORLD_CULTURES,FRN 204,"French Film and Conversation",3,https://www.bmcc.cuny.edu/academics/pathways/world-cultures-and-global-issues/
BMCC,FC_WORLD_CULTURES,FRN 210,"Intermediate French II",3,https://www.bmcc.cuny.edu/academics/pathways/world-cultures-and-global-issues/
BMCC,FC_WORLD_CULTURES,FRN 221,"Intermediate Intensive French I & II",6,https://www.bmcc.cuny.edu/academics/pathways/world-cultures-and-global-issues/
BMCC,FC_WORLD_CULTURES,FRN 265,"Children and Young Adult Literature in French",3,https://www.bmcc.cuny.edu/academics/pathways/world-cultures-and-global-issues/
BMCC,FC_WORLD_CULTURES,FRN 280E,"French Caribbean Literature in Translation",3,https://www.bmcc.cuny.edu/academics/pathways/world-cultures-and-global-issues/
BMCC,FC_WORLD_CULTURES,FRN 281E,"French-Speaking Women Writers in Translation",3,https://www.bmcc.cuny.edu/academics/pathways/world-cultures-and-global-issues/
BMCC,FC_WORLD_CULTURES,FRN 300,"Advanced French",3,https://www.bmcc.cuny.edu/academics/pathways/world-cultures-and-global-issues/
BMCC,FC_WORLD_CULTURES,FRN 370,"Modern French Civilization",3,https://www.bmcc.cuny.edu/academics/pathways/world-cultures-and-global-issues/
BMCC,FC_WORLD_CULTURES,FRN 400,"Francophone Literature",3,https://www.bmcc.cuny.edu/academics/pathways/world-cultures-and-global-issues/
BMCC,FC_WORLD_CULTURES,FRN 430,"French Literature from the Middle Ages to the 17th Century",3,https://www.bmcc.cuny.edu/academics/pathways/world-cultures-and-global-issues/
BMCC,FC_WORLD_CULTURES,FRN 435,"French Literature from the 18th and 19th Centuries",3,https://www.bmcc.cuny.edu/academics/pathways/world-cultures-and-global-issues/
BMCC,FC_WORLD_CULTURES,FRN 440,"French Literature from the 20th and 21st Centuries",3,https://www.bmcc.cuny.edu/academics/pathways/world-cultures-and-global-issues/
BMCC,FC_WORLD_CULTURES,FRN 446,"Literature and Cinema from West Africa",3,https://www.bmcc.cuny.edu/academics/pathways/world-cultures-and-global-issues/
BMCC,FC_WORLD_CULTURES,FRN 456,"Advanced French Composition",3,https://www.bmcc.cuny.edu/academics/pathways/world-cultures-and-global-issues/
BMCC,FC_WORLD_CULTURES,FRN 461,"The Individual and Society in 19th Century French Literature",3,https://www.bmcc.cuny.edu/academics/pathways/world-cultures-and-global-issues/
BMCC,FC_WORLD_CULTURES,FRN 462,"History of French Drama and Theater",3,https://www.bmcc.cuny.edu/academics/pathways/world-cultures-and-global-issues/
BMCC,FC_WORLD_CULTURES,FRN 476,"Intermediate and Advanced French Abroad",3,https://www.bmcc.cuny.edu/academics/pathways/world-cultures-and-global-issues/
BMCC,FC_WORLD_CULTURES,GEO 100,"Introduction to Human Geography",3,https://www.bmcc.cuny.edu/academics/pathways/world-cultures-and-global-issues/
BMCC,FC_WORLD_CULTURES,GLS 100,"Introduction to Diplomacy",3,https://www.bmcc.cuny.edu/academics/pathways/world-cultures-and-global-issues/
BMCC,FC_WORLD_CULTURES,HIS 121,"History of African Civilization (Same as AFN 121)",3,https://www.bmcc.cuny.edu/academics/pathways/world-cultures-and-global-issues/
BMCC,FC_WORLD_CULTURES,HIS 122,"Africa 1500 to Present (Same as AFN 122)",3,https://www.bmcc.cuny.edu/academics/pathways/world-cultures-and-global-issues/
BMCC,FC_WORLD_CULTURES,HIS 130,"History of Latin America (Same as LAT 130)",3,https://www.bmcc.cuny.edu/academics/pathways/world-cultures-and-global-issues/
BMCC,FC_WORLD_CULTURES,HIS 131,"History of Dominican Republic (Same as LAT 131)",3,https://www.bmcc.cuny.edu/academics/pathways/world-cultures-and-global-issues/
BMCC,FC_WORLD_CULTURES,ITL 105,"Elementary Italian I",3,https://www.bmcc.cuny.edu/academics/pathways/world-cultures-and-global-issues/
BMCC,FC_WORLD_CULTURES,ITL 106,"Elementary Italian II",3,https://www.bmcc.cuny.edu/academics/pathways/world-cultures-and-global-issues/
BMCC,FC_WORLD_CULTURES,ITL 121,"Elementary Intensive Italian 1 & 2",6,https://www.bmcc.cuny.edu/academics/pathways/world-cultures-and-global-issues/
BMCC,FC_WORLD_CULTURES,ITL 170E,"Literature, Culture and Civilization of Italy",3,https://www.bmcc.cuny.edu/academics/pathways/world-cultures-and-global-issues/
BMCC,FC_WORLD_CULTURES,ITL 200,"Intermediate Italian I",3,https://www.bmcc.cuny.edu/academics/pathways/world-cultures-and-global-issues/
BMCC,FC_WORLD_CULTURES,ITL 204,"Italian Film and Conversation",3,https://www.bmcc.cuny.edu/academics/pathways/world-cultures-and-global-issues/
BMCC,FC_WORLD_CULTURES,ITL 205E,"Italian Cinema in Context",3,https://www.bmcc.cuny.edu/academics/pathways/world-cultures-and-global-issues/
BMCC,FC_WORLD_CULTURES,ITL 210,"Intermediate Italian II",3,https://www.bmcc.cuny.edu/academics/pathways/world-cultures-and-global-issues/
BMCC,FC_WORLD_CULTURES,ITL 221,"Intermediate Intensive Italian 1 & 2",6,https://www.bmcc.cuny.edu/academics/pathways/world-cultures-and-global-issues/
BMCC,FC_WORLD_CULTURES,ITL 260,"The Modern Italian Short Story",3,https://www.bmcc.cuny.edu/academics/pathways/world-cultures-and-global-issues/
BMCC,FC_WORLD_CULTURES,ITL 265,"Children and Young Adult Literature in Italian",3,https://www.bmcc.cuny.edu/academics/pathways/world-cultures-and-global-issues/
BMCC,FC_WORLD_CULTURES,ITL 300,"Advanced Italian",3,https://www.bmcc.cuny.edu/academics/pathways/world-cultures-and-global-issues/
BMCC,FC_WORLD_CULTURES,ITL 312E,"Modern Italian Theater",3,https://www.bmcc.cuny.edu/academics/pathways/world-cultures-and-global-issues/
BMCC,FC_WORLD_CULTURES,ITL 330,"Survey of Italian Literature",3,https://www.bmcc.cuny.edu/academics/pathways/world-cultures-and-global-issues/
BMCC,FC_WORLD_CULTURES,LAT 130,"History of Latin America (Same as HIS 130)",3,https://www.bmcc.cuny.edu/academics/pathways/world-cultures-and-global-issues/
BMCC,FC_WORLD_CULTURES,LAT 131,"History of the Dominican Republic",3,https://www.bmcc.cuny.edu/academics/pathways/world-cultures-and-global-issues/
BMCC,FC_WORLD_CULTURES,LAT 200,"Peoples & Cultures of Latin America and the Caribbean",3,https://www.bmcc.cuny.edu/academics/pathways/world-cultures-and-global-issues/
BMCC,FC_WORLD_CULTURES,LAT 475,"Latin American & Caribbean Society",3,https://www.bmcc.cuny.edu/academics/pathways/world-cultures-and-global-issues/
BMCC,FC_WORLD_CULTURES,LIN 140,"World/Global Englishes",3,https://www.bmcc.cuny.edu/academics/pathways/world-cultures-and-global-issues/
BMCC,FC_WORLD_CULTURES,MES 140,"Introduction to the Moving Image",3,https://www.bmcc.cuny.edu/academics/pathways/world-cultures-and-global-issues/
BMCC,FC_WORLD_CULTURES,MES 160,"World History of Animation",3,https://www.bmcc.cuny.edu/academics/pathways/world-cultures-and-global-issues/
BMCC,FC_WORLD_CULTURES,POL 111,"Politics of Technology and Science",3,https://www.bmcc.cuny.edu/academics/pathways/world-cultures-and-global-issues/
BMCC,FC_WORLD_CULTURES,PRT 105,"Elementary Portuguese I",3,https://www.bmcc.cuny.edu/academics/pathways/world-cultures-and-global-issues/
BMCC,FC_WORLD_CULTURES,PRT 106,"Elementary Portuguese II",3,https://www.bmcc.cuny.edu/academics/pathways/world-cultures-and-global-issues/
BMCC,FC_WORLD_CULTURES,SPN 105,"Elementary Spanish I",3,https://www.bmcc.cuny.edu/academics/pathways/world-cultures-and-global-issues/
BMCC,FC_WORLD_CULTURES,SPN 106,"Elementary Spanish II",3,https://www.bmcc.cuny.edu/academics/pathways/world-cultures-and-global-issues/
BMCC,FC_WORLD_CULTURES,SPN 107,"Elementary Spanish for Speakers of Spanish I",3,https://www.bmcc.cuny.edu/academics/pathways/world-cultures-and-global-issues/
BMCC,FC_WORLD_CULTURES,SPN 108,"Elementary Spanish for Speakers of Spanish II",3,https://www.bmcc.cuny.edu/academics/pathways/world-cultures-and-global-issues/
BMCC,FC_WORLD_CULTURES,SPN 121,"Elementary Intensive Spanish 1 & 2",6,https://www.bmcc.cuny.edu/academics/pathways/world-cultures-and-global-issues/
BMCC,FC_WORLD_CULTURES,SPN 150,"Basic Spanish Conversation",3,https://www.bmcc.cuny.edu/academics/pathways/world-cultures-and-global-issues/
BMCC,FC_WORLD_CULTURES,SPN 200,"Intermediate Spanish I",3,https://www.bmcc.cuny.edu/academics/pathways/world-cultures-and-global-issues/
BMCC,FC_WORLD_CULTURES,SPN 204,"Spanish Film and Conversation",3,https://www.bmcc.cuny.edu/academics/pathways/world-cultures-and-global-issues/
BMCC,FC_WORLD_CULTURES,SPN 207,"Intermediate Spanish for Speakers of Spanish",3,https://www.bmcc.cuny.edu/academics/pathways/world-cultures-and-global-issues/
BMCC,FC_WORLD_CULTURES,SPN 210,"Intermediate Spanish II",3,https://www.bmcc.cuny.edu/academics/pathways/world-cultures-and-global-issues/
BMCC,FC_WORLD_CULTURES,SPN 221,"Intermediate Intensive Spanish (1 & 2)",6,https://www.bmcc.cuny.edu/academics/pathways/world-cultures-and-global-issues/
BMCC,FC_WORLD_CULTURES,SPN 300,"Advanced Spanish",3,https://www.bmcc.cuny.edu/academics/pathways/world-cultures-and-global-issues/
BMCC,FC_WORLD_CULTURES,SPN 370,"Literature and Civilization of Latin America",3,https://www.bmcc.cuny.edu/academics/pathways/world-cultures-and-global-issues/
BMCC,FC_WORLD_CULTURES,SPN 371,"Literature and Civilization of Spain",3,https://www.bmcc.cuny.edu/academics/pathways/world-cultures-and-global-issues/
BMCC,FC_WORLD_CULTURES,SPN 400,"Latin American Women Writers",3,https://www.bmcc.cuny.edu/academics/pathways/world-cultures-and-global-issues/
BMCC,FC_WORLD_CULTURES,SPN 410,"Latin American Theater",3,https://www.bmcc.cuny.edu/academics/pathways/world-cultures-and-global-issues/
BMCC,FC_WORLD_CULTURES,SPN 420,"Introduction to Spanish Theatre",3,https://www.bmcc.cuny.edu/academics/pathways/world-cultures-and-global-issues/
BMCC,FC_WORLD_CULTURES,SPN 425,"Introduction to Spanish Poetry of the 20th Century",3,https://www.bmcc.cuny.edu/academics/pathways/world-cultures-and-global-issues/
BMCC,FC_WORLD_CULTURES,SPN 426,"Creative Writing in Spanish",3,https://www.bmcc.cuny.edu/academics/pathways/world-cultures-and-global-issues/
BMCC,FC_WORLD_CULTURES,SPN 430,"Medieval and Golden Age Spanish Literature",3,https://www.bmcc.cuny.edu/academics/pathways/world-cultures-and-global-issues/
BMCC,FC_WORLD_CULTURES,SPN 435,"Spanish Literature of the 18th and 19th Centuries",3,https://www.bmcc.cuny.edu/academics/pathways/world-cultures-and-global-issues/
BMCC,FC_WORLD_CULTURES,SPN 439,"The Short Story in the Spanish Speaking Caribbean (Same as LAT 239)",3,https://www.bmcc.cuny.edu/academics/pathways/world-cultures-and-global-issues/
BMCC,FC_WORLD_CULTURES,SPN 440,"Spanish Literature of the 20th and 21st Centuries",3,https://www.bmcc.cuny.edu/academics/pathways/world-cultures-and-global-issues/
BMCC,FC_WORLD_CULTURES,SPN 445,"Colonial and 19th Century Latin American Literature",3,https://www.bmcc.cuny.edu/academics/pathways/world-cultures-and-global-issues/
BMCC,FC_WORLD_CULTURES,SPN 450,"Latin American Literature of the 20th and 21st Centuries",3,https://www.bmcc.cuny.edu/academics/pathways/world-cultures-and-global-issues/
BMCC,FC_WORLD_CULTURES,SPN 455,"Advanced Spanish Grammar and Composition",3,https://www.bmcc.cuny.edu/academics/pathways/world-cultures-and-global-issues/
BMCC,FC_WORLD_CULTURES,SPN 456,"Advanced Spanish Composition",3,https://www.bmcc.cuny.edu/academics/pathways/world-cultures-and-global-issues/
BMCC,FC_WORLD_CULTURES,SPN 472,"Literature, Culture and Civilization of the Greater Antilles",3,https://www.bmcc.cuny.edu/academics/pathways/world-cultures-and-global-issues/
BMCC,FC_WORLD_CULTURES,SPN 476,"Intermediate and Advanced Spanish Abroad",3,https://www.bmcc.cuny.edu/academics/pathways/world-cultures-and-global-issues/
BMCC,FC_WORLD_CULTURES,SPN 480,"Spanish and Latin American Texts into Films",3,https://www.bmcc.cuny.edu/academics/pathways/world-cultures-and-global-issues/
BMCC,FC_WORLD_CULTURES,TRS 201,"Introduction to Translation and Interpretation Theory",3,https://www.bmcc.cuny.edu/academics/pathways/world-cultures-and-global-issues/
BMCC,FC_WORLD_CULTURES,TRS 206,"The Structure of the Spanish Language",3,https://www.bmcc.cuny.edu/academics/pathways/world-cultures-and-global-issues/
BMCC,FC_WORLD_CULTURES,TRS 233,"Spanish Translation & Interpretation for Healthcare",3,https://www.bmcc.cuny.edu/academics/pathways/world-cultures-and-global-issues/
BMCC,FC_WORLD_CULTURES,TRS 237,"Editing for Translators",3,https://www.bmcc.cuny.edu/academics/pathways/world-cultures-and-global-issues/
BMCC,FC_WORLD_CULTURES,TRS 238,"Introduction to Consecutive Interpretation",3,https://www.bmcc.cuny.edu/academics/pathways/world-cultures-and-global-issues/
CCNY,CCNY_FC_CREATIVE,ART 10000,Introduction to Visual Arts of the World,3,https://www.ccny.cuny.edu/sites/default/files/2026-03/CCNY%20Pathways%20Common%20Core%20Courses%20fall%202026.pdf
CCNY,CCNY_FC_CREATIVE,ENGL 22000,Creative Writing Workshop,3,https://www.ccny.cuny.edu/sites/default/files/2026-03/CCNY%20Pathways%20Common%20Core%20Courses%20fall%202026.pdf
CCNY,CCNY_FC_CREATIVE,ENGL 23000,Writing Workshop in Prose,3,https://www.ccny.cuny.edu/sites/default/files/2026-03/CCNY%20Pathways%20Common%20Core%20Courses%20fall%202026.pdf
CCNY,CCNY_FC_CREATIVE,MUS 10000,Popular Music,3,https://www.ccny.cuny.edu/sites/default/files/2026-03/CCNY%20Pathways%20Common%20Core%20Courses%20fall%202026.pdf
CCNY,CCNY_FC_CREATIVE,MUS 10100,Introduction to Music,3,https://www.ccny.cuny.edu/sites/default/files/2026-03/CCNY%20Pathways%20Common%20Core%20Courses%20fall%202026.pdf
CCNY,CCNY_FC_CREATIVE,MUS 10200,Introduction to World Music,3,https://www.ccny.cuny.edu/sites/default/files/2026-03/CCNY%20Pathways%20Common%20Core%20Courses%20fall%202026.pdf
CCNY,CCNY_FC_CREATIVE,THTR 13100,Introduction to Theatre,3,https://www.ccny.cuny.edu/sites/default/files/2026-03/CCNY%20Pathways%20Common%20Core%20Courses%20fall%202026.pdf
CCNY,CCNY_FC_CREATIVE,URB 20010,Introduction to Urban Studies,3,https://www.ccny.cuny.edu/sites/default/files/2026-03/CCNY%20Pathways%20Common%20Core%20Courses%20fall%202026.pdf
CCNY,CCNY_FC_WORLD_CULTURES,JWST 11700,The Bible as Literature,3,https://www.ccny.cuny.edu/sites/default/files/2026-03/CCNY%20Pathways%20Common%20Core%20Courses%20fall%202026.pdf
CCNY,CCNY_FC_WORLD_CULTURES,FREN 28300,The Literature of Contemporary France,3,https://www.ccny.cuny.edu/sites/default/files/2026-03/CCNY%20Pathways%20Common%20Core%20Courses%20fall%202026.pdf
CCNY,CCNY_FC_WORLD_CULTURES,THTR 21100,Theatre History I,3,https://www.ccny.cuny.edu/sites/default/files/2026-03/CCNY%20Pathways%20Common%20Core%20Courses%20fall%202026.pdf
CCNY,CCNY_FC_WORLD_CULTURES,THTR 21200,Theatre History II,3,https://www.ccny.cuny.edu/sites/default/files/2026-03/CCNY%20Pathways%20Common%20Core%20Courses%20fall%202026.pdf
CCNY,CCNY_FC_WORLD_CULTURES,THTR 21300,Theatre History III,3,https://www.ccny.cuny.edu/sites/default/files/2026-03/CCNY%20Pathways%20Common%20Core%20Courses%20fall%202026.pdf
CCNY,CCNY_FC_WORLD_CULTURES,WHUM 10100,World Humanities I,3,https://www.ccny.cuny.edu/sites/default/files/2026-03/CCNY%20Pathways%20Common%20Core%20Courses%20fall%202026.pdf
CCNY,CCNY_FC_WORLD_CULTURES,WHUM 10200,World Humanities II,3,https://www.ccny.cuny.edu/sites/default/files/2026-03/CCNY%20Pathways%20Common%20Core%20Courses%20fall%202026.pdf
CCNY,CCNY_FC_WORLD_CULTURES,ANTH 10100,General Anthropology,3,https://www.ccny.cuny.edu/sites/default/files/2026-03/CCNY%20Pathways%20Common%20Core%20Courses%20fall%202026.pdf
CCNY,CCNY_FC_WORLD_CULTURES,ANTH 20000,Archaeology,3,https://www.ccny.cuny.edu/sites/default/files/2026-03/CCNY%20Pathways%20Common%20Core%20Courses%20fall%202026.pdf
CCNY,CCNY_FC_WORLD_CULTURES,ASIA 10100,Asia and its Peoples,3,https://www.ccny.cuny.edu/sites/default/files/2026-03/CCNY%20Pathways%20Common%20Core%20Courses%20fall%202026.pdf
CCNY,CCNY_FC_WORLD_CULTURES,ASIA 20200,Contemporary Asia,3,https://www.ccny.cuny.edu/sites/default/files/2026-03/CCNY%20Pathways%20Common%20Core%20Courses%20fall%202026.pdf
CCNY,CCNY_FC_WORLD_CULTURES,BLST 10200,African Heritage Caribbean-Brazilian Experience,3,https://www.ccny.cuny.edu/sites/default/files/2026-03/CCNY%20Pathways%20Common%20Core%20Courses%20fall%202026.pdf
CCNY,CCNY_FC_WORLD_CULTURES,HIST 20140,Early Societies to 1500,3,https://www.ccny.cuny.edu/sites/default/files/2026-03/CCNY%20Pathways%20Common%20Core%20Courses%20fall%202026.pdf
CCNY,CCNY_FC_WORLD_CULTURES,HIST 20150,From 1500 to the Present,3,https://www.ccny.cuny.edu/sites/default/files/2026-03/CCNY%20Pathways%20Common%20Core%20Courses%20fall%202026.pdf
CCNY,CCNY_FC_WORLD_CULTURES,INTL 10100,Introduction to International and Global Studies,3,https://www.ccny.cuny.edu/sites/default/files/2026-03/CCNY%20Pathways%20Common%20Core%20Courses%20fall%202026.pdf
CCNY,CCNY_FC_WORLD_CULTURES,LALS 10100,The Heritage of the Spanish Antilles,3,https://www.ccny.cuny.edu/sites/default/files/2026-03/CCNY%20Pathways%20Common%20Core%20Courses%20fall%202026.pdf
CCNY,CCNY_FC_INDIVIDUAL,ANTH 20100,Cross Cultural Perspectives,3,https://www.ccny.cuny.edu/sites/default/files/2026-03/CCNY%20Pathways%20Common%20Core%20Courses%20fall%202026.pdf
CCNY,CCNY_FC_INDIVIDUAL,ECO 10250,Principles of Microeconomics,3,https://www.ccny.cuny.edu/sites/default/files/2026-03/CCNY%20Pathways%20Common%20Core%20Courses%20fall%202026.pdf
CCNY,CCNY_FC_INDIVIDUAL,EDCE 25600,"Language, Mind, and Society",3,https://www.ccny.cuny.edu/sites/default/files/2026-03/CCNY%20Pathways%20Common%20Core%20Courses%20fall%202026.pdf
CCNY,CCNY_FC_INDIVIDUAL,ENGL 27000,Literatures of Diversity,3,https://www.ccny.cuny.edu/sites/default/files/2026-03/CCNY%20Pathways%20Common%20Core%20Courses%20fall%202026.pdf
CCNY,CCNY_FC_INDIVIDUAL,JWST 28100,The Holocaust,3,https://www.ccny.cuny.edu/sites/default/files/2026-03/CCNY%20Pathways%20Common%20Core%20Courses%20fall%202026.pdf
CCNY,CCNY_FC_INDIVIDUAL,PSY 10200,Psychology in the Modern World,3,https://www.ccny.cuny.edu/sites/default/files/2026-03/CCNY%20Pathways%20Common%20Core%20Courses%20fall%202026.pdf
CCNY,CCNY_FC_INDIVIDUAL,SOC 10500,"Individual, Group and Society",3,https://www.ccny.cuny.edu/sites/default/files/2026-03/CCNY%20Pathways%20Common%20Core%20Courses%20fall%202026.pdf
CCNY,CCNY_FC_INDIVIDUAL,WS 10000,Women and Gender Roles in Contemporary Society,3,https://www.ccny.cuny.edu/sites/default/files/2026-03/CCNY%20Pathways%20Common%20Core%20Courses%20fall%202026.pdf
CCNY,CCNY_FC_US_EXPERIENCE,BLST 10100,African Heritage and the Afro-American Experience,3,https://www.ccny.cuny.edu/sites/default/files/2026-03/CCNY%20Pathways%20Common%20Core%20Courses%20fall%202026.pdf
CCNY,CCNY_FC_US_EXPERIENCE,ENGL 15500,American Literature,3,https://www.ccny.cuny.edu/sites/default/files/2026-03/CCNY%20Pathways%20Common%20Core%20Courses%20fall%202026.pdf
CCNY,CCNY_FC_US_EXPERIENCE,PSC 10100,American Government and Politics,3,https://www.ccny.cuny.edu/sites/default/files/2026-03/CCNY%20Pathways%20Common%20Core%20Courses%20fall%202026.pdf
CCNY,CCNY_FC_US_EXPERIENCE,USSO 10100,US Society,3,https://www.ccny.cuny.edu/sites/default/files/2026-03/CCNY%20Pathways%20Common%20Core%20Courses%20fall%202026.pdf
CCNY,CCNY_FC_US_EXPERIENCE,HIST 24000,The United States From Its Origins to 1877,3,https://www.ccny.cuny.edu/sites/default/files/2026-03/CCNY%20Pathways%20Common%20Core%20Courses%20fall%202026.pdf
CCNY,CCNY_FC_US_EXPERIENCE,HIST 24100,The United States Since 1865,3,https://www.ccny.cuny.edu/sites/default/files/2026-03/CCNY%20Pathways%20Common%20Core%20Courses%20fall%202026.pdf
JOHNJAY,JJAY_RC_MATH_QUANT,MAT 105,College Algebra,3,https://jjay.smartcatalogiq.com/en/2024-2025/undergraduate-bulletin/general-education/general-education-courses/required-core-mathematics-and-quantitative-reasoning
JOHNJAY,JJAY_RC_MATH_QUANT,MAT 106,Liberal Arts Math,3,https://jjay.smartcatalogiq.com/en/2024-2025/undergraduate-bulletin/general-education/general-education-courses/required-core-mathematics-and-quantitative-reasoning
JOHNJAY,JJAY_RC_MATH_QUANT,MAT 108,Social Science Math,3,https://jjay.smartcatalogiq.com/en/2024-2025/undergraduate-bulletin/general-education/general-education-courses/required-core-mathematics-and-quantitative-reasoning
JOHNJAY,JJAY_RC_MATH_QUANT,MAT 141,Pre-Calculus,3,https://jjay.smartcatalogiq.com/en/2024-2025/undergraduate-bulletin/general-education/general-education-courses/required-core-mathematics-and-quantitative-reasoning
JOHNJAY,JJAY_RC_MATH_QUANT,MAT 150,Introduction to Data Analysis,3,https://jjay.smartcatalogiq.com/en/2024-2025/undergraduate-bulletin/general-education/general-education-courses/required-core-mathematics-and-quantitative-reasoning
JOHNJAY,JJAY_RC_MATH_QUANT,MAT 151,Calculus I,4,https://jjay.smartcatalogiq.com/en/2024-2025/undergraduate-bulletin/general-education/general-education-courses/required-core-mathematics-and-quantitative-reasoning
JOHNJAY,JJAY_RC_MATH_QUANT,MAT 152,Calculus II,4,https://jjay.smartcatalogiq.com/en/2024-2025/undergraduate-bulletin/general-education/general-education-courses/required-core-mathematics-and-quantitative-reasoning
JOHNJAY,JJAY_RC_MATH_QUANT,MAT 241,Calculus I,3,https://jjay.smartcatalogiq.com/en/2024-2025/undergraduate-bulletin/general-education/general-education-courses/required-core-mathematics-and-quantitative-reasoning
JOHNJAY,JJAY_RC_MATH_QUANT,MAT 242,Calculus II,3,https://jjay.smartcatalogiq.com/en/2024-2025/undergraduate-bulletin/general-education/general-education-courses/required-core-mathematics-and-quantitative-reasoning
JOHNJAY,JJAY_RC_MATH_QUANT,MAT 243,Calculus III,3,https://jjay.smartcatalogiq.com/en/2024-2025/undergraduate-bulletin/general-education/general-education-courses/required-core-mathematics-and-quantitative-reasoning
JOHNJAY,JJAY_RC_MATH_QUANT,MAT 253,Calculus III,4,https://jjay.smartcatalogiq.com/en/2024-2025/undergraduate-bulletin/general-education/general-education-courses/required-core-mathematics-and-quantitative-reasoning
JOHNJAY,JJAY_RC_MATH_QUANT,MAT 301,Probability & Mathematical Statistics I,3,https://jjay.smartcatalogiq.com/en/2024-2025/undergraduate-bulletin/general-education/general-education-courses/required-core-mathematics-and-quantitative-reasoning
JOHNJAY,JJAY_RC_MATH_QUANT,STA 250,Principles and Methods of Statistics,3,https://jjay.smartcatalogiq.com/en/2024-2025/undergraduate-bulletin/general-education/general-education-courses/required-core-mathematics-and-quantitative-reasoning
JOHNJAY,JJAY_RC_LIFE_PHYSICAL,SCI 110,Origins: From the Big Bang to Life on Earth,3,https://jjay.smartcatalogiq.com/en/2024-2025/undergraduate-bulletin/general-education/general-education-courses/required-core-life-and-physical-sciences
JOHNJAY,JJAY_RC_LIFE_PHYSICAL,SCI 112,Environmental Science: A Focus on Sustainability,3,https://jjay.smartcatalogiq.com/en/2024-2025/undergraduate-bulletin/general-education/general-education-courses/required-core-life-and-physical-sciences
JOHNJAY,JJAY_RC_LIFE_PHYSICAL,SCI 114,Scientific Principles of Forensic Science,3,https://jjay.smartcatalogiq.com/en/2024-2025/undergraduate-bulletin/general-education/general-education-courses/required-core-life-and-physical-sciences
JOHNJAY,JJAY_RC_LIFE_PHYSICAL,BIO 102,Paced Modern Biology I-B,3,https://jjay.smartcatalogiq.com/en/2024-2025/undergraduate-bulletin/general-education/general-education-courses/stem-variants-for-required-core-life-and-physical-sciences
JOHNJAY,JJAY_RC_LIFE_PHYSICAL,BIO 103,Modern Biology I,5,https://jjay.smartcatalogiq.com/en/2024-2025/undergraduate-bulletin/general-education/general-education-courses/stem-variants-for-required-core-life-and-physical-sciences
JOHNJAY,JJAY_RC_LIFE_PHYSICAL,BIO 104,Modern Biology II,4,https://jjay.smartcatalogiq.com/en/2024-2025/undergraduate-bulletin/general-education/general-education-courses/stem-variants-for-required-core-life-and-physical-sciences
JOHNJAY,JJAY_RC_LIFE_PHYSICAL,CHE 102,General Chemistry I-B,3,https://jjay.smartcatalogiq.com/en/2024-2025/undergraduate-bulletin/general-education/general-education-courses/stem-variants-for-required-core-life-and-physical-sciences
JOHNJAY,JJAY_RC_LIFE_PHYSICAL,CHE 103,General Chemistry I,5,https://jjay.smartcatalogiq.com/en/2024-2025/undergraduate-bulletin/general-education/general-education-courses/stem-variants-for-required-core-life-and-physical-sciences
JOHNJAY,JJAY_RC_LIFE_PHYSICAL,CHE 104,General Chemistry II,4,https://jjay.smartcatalogiq.com/en/2024-2025/undergraduate-bulletin/general-education/general-education-courses/stem-variants-for-required-core-life-and-physical-sciences
JOHNJAY,JJAY_RC_LIFE_PHYSICAL,CHE 201,Organic Chemistry I,4,https://jjay.smartcatalogiq.com/en/2024-2025/undergraduate-bulletin/general-education/general-education-courses/stem-variants-for-required-core-life-and-physical-sciences
JOHNJAY,JJAY_RC_LIFE_PHYSICAL,CHE 202,Organic Chemistry II,4,https://jjay.smartcatalogiq.com/en/2024-2025/undergraduate-bulletin/general-education/general-education-courses/stem-variants-for-required-core-life-and-physical-sciences
JOHNJAY,JJAY_RC_LIFE_PHYSICAL,PHY 101,College Physics I (Liberal Arts Physics),4,https://jjay.smartcatalogiq.com/en/2024-2025/undergraduate-bulletin/general-education/general-education-courses/stem-variants-for-required-core-life-and-physical-sciences
JOHNJAY,JJAY_RC_LIFE_PHYSICAL,PHY 102,College Physics II (Liberal Arts Physics),4,https://jjay.smartcatalogiq.com/en/2024-2025/undergraduate-bulletin/general-education/general-education-courses/stem-variants-for-required-core-life-and-physical-sciences
JOHNJAY,JJAY_RC_LIFE_PHYSICAL,PHY 203,General Physics I,4,https://jjay.smartcatalogiq.com/en/2024-2025/undergraduate-bulletin/general-education/general-education-courses/stem-variants-for-required-core-life-and-physical-sciences
JOHNJAY,JJAY_RC_LIFE_PHYSICAL,PHY 204,General Physics II,4,https://jjay.smartcatalogiq.com/en/2024-2025/undergraduate-bulletin/general-education/general-education-courses/stem-variants-for-required-core-life-and-physical-sciences
JOHNJAY,JJAY_FC_WORLD_CULTURES,AFR 140,Introduction to Africana Studies,3,https://jjay.smartcatalogiq.com/en/2024-2025/undergraduate-bulletin/general-education/general-education-courses/flexible-core-world-cultures-and-global-issues
JOHNJAY,JJAY_FC_WORLD_CULTURES,AFR 263,Blacks in Latin America,3,https://jjay.smartcatalogiq.com/en/2024-2025/undergraduate-bulletin/general-education/general-education-courses/flexible-core-world-cultures-and-global-issues
JOHNJAY,JJAY_FC_WORLD_CULTURES,ANT 101,Introduction to Anthropology,3,https://jjay.smartcatalogiq.com/en/2024-2025/undergraduate-bulletin/general-education/general-education-courses/flexible-core-world-cultures-and-global-issues
JOHNJAY,JJAY_FC_WORLD_CULTURES,ANT 208,Urban Anthropology,3,https://jjay.smartcatalogiq.com/en/2024-2025/undergraduate-bulletin/general-education/general-education-courses/flexible-core-world-cultures-and-global-issues
JOHNJAY,JJAY_FC_WORLD_CULTURES,ANT 229,Global Asian Popular Culture,3,https://jjay.smartcatalogiq.com/en/2024-2025/undergraduate-bulletin/general-education/general-education-courses/flexible-core-world-cultures-and-global-issues
JOHNJAY,JJAY_FC_WORLD_CULTURES,ANT 230,Culture and Crime,3,https://jjay.smartcatalogiq.com/en/2024-2025/undergraduate-bulletin/general-education/general-education-courses/flexible-core-world-cultures-and-global-issues
JOHNJAY,JJAY_FC_WORLD_CULTURES,ARA 101,Elementary Modern Standard Arabic I,3,https://jjay.smartcatalogiq.com/en/2024-2025/undergraduate-bulletin/general-education/general-education-courses/flexible-core-world-cultures-and-global-issues
JOHNJAY,JJAY_FC_WORLD_CULTURES,ARA 201,Intemediate Arabic I,3,https://jjay.smartcatalogiq.com/en/2024-2025/undergraduate-bulletin/general-education/general-education-courses/flexible-core-world-cultures-and-global-issues
JOHNJAY,JJAY_FC_WORLD_CULTURES,ART 227,Haitian Art & Culture,3,https://jjay.smartcatalogiq.com/en/2024-2025/undergraduate-bulletin/general-education/general-education-courses/flexible-core-world-cultures-and-global-issues
JOHNJAY,JJAY_FC_WORLD_CULTURES,ASL 101,Introductory American Sign Language I,3,https://jjay.smartcatalogiq.com/en/2024-2025/undergraduate-bulletin/general-education/general-education-courses/flexible-core-world-cultures-and-global-issues
JOHNJAY,JJAY_FC_WORLD_CULTURES,AST 101,Cultures and Societies in Asia: Global Issues,3,https://jjay.smartcatalogiq.com/en/2024-2025/undergraduate-bulletin/general-education/general-education-courses/flexible-core-world-cultures-and-global-issues
JOHNJAY,JJAY_FC_WORLD_CULTURES,CHI 101,Elementary Chinese I,3,https://jjay.smartcatalogiq.com/en/2024-2025/undergraduate-bulletin/general-education/general-education-courses/flexible-core-world-cultures-and-global-issues
JOHNJAY,JJAY_FC_WORLD_CULTURES,CHI 201,Intermediate Chinese I,3,https://jjay.smartcatalogiq.com/en/2024-2025/undergraduate-bulletin/general-education/general-education-courses/flexible-core-world-cultures-and-global-issues
JOHNJAY,JJAY_FC_WORLD_CULTURES,EJS 200,Earth Justice: Intro to Sustainability Studies,3,https://jjay.smartcatalogiq.com/en/2024-2025/undergraduate-bulletin/general-education/general-education-courses/flexible-core-world-cultures-and-global-issues
JOHNJAY,JJAY_FC_WORLD_CULTURES,FRE 101,Introductory French I,3,https://jjay.smartcatalogiq.com/en/2024-2025/undergraduate-bulletin/general-education/general-education-courses/flexible-core-world-cultures-and-global-issues
JOHNJAY,JJAY_FC_WORLD_CULTURES,FRE 201,Intermediate French I,3,https://jjay.smartcatalogiq.com/en/2024-2025/undergraduate-bulletin/general-education/general-education-courses/flexible-core-world-cultures-and-global-issues
JOHNJAY,JJAY_FC_WORLD_CULTURES,GER 101,Introductory German I,3,https://jjay.smartcatalogiq.com/en/2024-2025/undergraduate-bulletin/general-education/general-education-courses/flexible-core-world-cultures-and-global-issues
JOHNJAY,JJAY_FC_WORLD_CULTURES,GER 201,Intermediate German I,3,https://jjay.smartcatalogiq.com/en/2024-2025/undergraduate-bulletin/general-education/general-education-courses/flexible-core-world-cultures-and-global-issues
JOHNJAY,JJAY_FC_WORLD_CULTURES,HIS 203,The Ancient World,3,https://jjay.smartcatalogiq.com/en/2024-2025/undergraduate-bulletin/general-education/general-education-courses/flexible-core-world-cultures-and-global-issues
JOHNJAY,JJAY_FC_WORLD_CULTURES,HIS 204,The Medieval World,3,https://jjay.smartcatalogiq.com/en/2024-2025/undergraduate-bulletin/general-education/general-education-courses/flexible-core-world-cultures-and-global-issues
JOHNJAY,JJAY_FC_WORLD_CULTURES,HIS 205,The Modern World,3,https://jjay.smartcatalogiq.com/en/2024-2025/undergraduate-bulletin/general-education/general-education-courses/flexible-core-world-cultures-and-global-issues
JOHNJAY,JJAY_FC_WORLD_CULTURES,HIS 208,Exploring Global History,3,https://jjay.smartcatalogiq.com/en/2024-2025/undergraduate-bulletin/general-education/general-education-courses/flexible-core-world-cultures-and-global-issues
JOHNJAY,JJAY_FC_WORLD_CULTURES,HIS 263,Blacks in Latin America (was African Heritage in Caribbean),3,https://jjay.smartcatalogiq.com/en/2024-2025/undergraduate-bulletin/general-education/general-education-courses/flexible-core-world-cultures-and-global-issues
JOHNJAY,JJAY_FC_WORLD_CULTURES,HON 202,Leadership & Common Good,3,https://jjay.smartcatalogiq.com/en/2024-2025/undergraduate-bulletin/general-education/general-education-courses/flexible-core-world-cultures-and-global-issues
JOHNJAY,JJAY_FC_WORLD_CULTURES,ISP 110,When Nature Roars: Global Catastrophe & Human Responsibility,3,https://jjay.smartcatalogiq.com/en/2024-2025/undergraduate-bulletin/general-education/general-education-courses/flexible-core-world-cultures-and-global-issues
JOHNJAY,JJAY_FC_WORLD_CULTURES,ISP 112,Going Places: Travel & Transformation,3,https://jjay.smartcatalogiq.com/en/2024-2025/undergraduate-bulletin/general-education/general-education-courses/flexible-core-world-cultures-and-global-issues
JOHNJAY,JJAY_FC_WORLD_CULTURES,ISP 115,Voices of Migration: Interdisciplinary Perspectives on Global Movement,3,https://jjay.smartcatalogiq.com/en/2024-2025/undergraduate-bulletin/general-education/general-education-courses/flexible-core-world-cultures-and-global-issues
JOHNJAY,JJAY_FC_WORLD_CULTURES,ISP 211,Revolutions,3,https://jjay.smartcatalogiq.com/en/2024-2025/undergraduate-bulletin/general-education/general-education-courses/flexible-core-world-cultures-and-global-issues
JOHNJAY,JJAY_FC_WORLD_CULTURES,ISP 215,Colorism: A Global Perspective on Colonial Violence,3,https://jjay.smartcatalogiq.com/en/2024-2025/undergraduate-bulletin/general-education/general-education-courses/flexible-core-world-cultures-and-global-issues
JOHNJAY,JJAY_FC_WORLD_CULTURES,ITA 101,Introductory Italian I,3,https://jjay.smartcatalogiq.com/en/2024-2025/undergraduate-bulletin/general-education/general-education-courses/flexible-core-world-cultures-and-global-issues
JOHNJAY,JJAY_FC_WORLD_CULTURES,ITA 201,Intermediate Italian,3,https://jjay.smartcatalogiq.com/en/2024-2025/undergraduate-bulletin/general-education/general-education-courses/flexible-core-world-cultures-and-global-issues
JOHNJAY,JJAY_FC_WORLD_CULTURES,JPN 101,Elementary Japanese I,3,https://jjay.smartcatalogiq.com/en/2024-2025/undergraduate-bulletin/general-education/general-education-courses/flexible-core-world-cultures-and-global-issues
JOHNJAY,JJAY_FC_WORLD_CULTURES,JPN 201,Intermediate Japanese I,3,https://jjay.smartcatalogiq.com/en/2024-2025/undergraduate-bulletin/general-education/general-education-courses/flexible-core-world-cultures-and-global-issues
JOHNJAY,JJAY_FC_WORLD_CULTURES,JPN 251,"Japanese Manga and Anime: Gender, Culture and Society",3,https://jjay.smartcatalogiq.com/en/2024-2025/undergraduate-bulletin/general-education/general-education-courses/flexible-core-world-cultures-and-global-issues
JOHNJAY,JJAY_FC_WORLD_CULTURES,LIT 236,Literary Perspectives on Culture & Globalization,3,https://jjay.smartcatalogiq.com/en/2024-2025/undergraduate-bulletin/general-education/general-education-courses/flexible-core-world-cultures-and-global-issues
JOHNJAY,JJAY_FC_WORLD_CULTURES,LIT 258,Asians Speak Up! Reimagining Asian Lives from East to West,3,https://jjay.smartcatalogiq.com/en/2024-2025/undergraduate-bulletin/general-education/general-education-courses/flexible-core-world-cultures-and-global-issues
JOHNJAY,JJAY_FC_WORLD_CULTURES,LLS 227,Indigenous Latin America,3,https://jjay.smartcatalogiq.com/en/2024-2025/undergraduate-bulletin/general-education/general-education-courses/flexible-core-world-cultures-and-global-issues
JOHNJAY,JJAY_FC_WORLD_CULTURES,LLS 245,Dominican Society and Identity,3,https://jjay.smartcatalogiq.com/en/2024-2025/undergraduate-bulletin/general-education/general-education-courses/flexible-core-world-cultures-and-global-issues
JOHNJAY,JJAY_FC_WORLD_CULTURES,LLS 263,The Black Experience in Latin America: Racism and Resistance,3,https://jjay.smartcatalogiq.com/en/2024-2025/undergraduate-bulletin/general-education/general-education-courses/flexible-core-world-cultures-and-global-issues
JOHNJAY,JJAY_FC_WORLD_CULTURES,MUS 213,Fight the Powers That Be: Music and Social Activism,3,https://jjay.smartcatalogiq.com/en/2024-2025/undergraduate-bulletin/general-education/general-education-courses/flexible-core-world-cultures-and-global-issues
JOHNJAY,JJAY_FC_WORLD_CULTURES,POL 246,Politics of Global Inequality,3,https://jjay.smartcatalogiq.com/en/2024-2025/undergraduate-bulletin/general-education/general-education-courses/flexible-core-world-cultures-and-global-issues
JOHNJAY,JJAY_FC_WORLD_CULTURES,POR 101,Elementary Portuguese I,3,https://jjay.smartcatalogiq.com/en/2024-2025/undergraduate-bulletin/general-education/general-education-courses/flexible-core-world-cultures-and-global-issues
JOHNJAY,JJAY_FC_WORLD_CULTURES,POR 201,Intermediate Portuguese I,3,https://jjay.smartcatalogiq.com/en/2024-2025/undergraduate-bulletin/general-education/general-education-courses/flexible-core-world-cultures-and-global-issues
JOHNJAY,JJAY_FC_WORLD_CULTURES,SPA 101,Introductory Spanish I,3,https://jjay.smartcatalogiq.com/en/2024-2025/undergraduate-bulletin/general-education/general-education-courses/flexible-core-world-cultures-and-global-issues
JOHNJAY,JJAY_FC_WORLD_CULTURES,SPA 111,Introductory Spanish I for Heritage Students,3,https://jjay.smartcatalogiq.com/en/2024-2025/undergraduate-bulletin/general-education/general-education-courses/flexible-core-world-cultures-and-global-issues
JOHNJAY,JJAY_FC_WORLD_CULTURES,SPA 201,Intermediate Spanish I,3,https://jjay.smartcatalogiq.com/en/2024-2025/undergraduate-bulletin/general-education/general-education-courses/flexible-core-world-cultures-and-global-issues
JOHNJAY,JJAY_FC_WORLD_CULTURES,SPA 207,Latin America Through the Lens of Literature,3,https://jjay.smartcatalogiq.com/en/2024-2025/undergraduate-bulletin/general-education/general-education-courses/flexible-core-world-cultures-and-global-issues
JOHNJAY,JJAY_FC_WORLD_CULTURES,SPA 211,Intermediate Spanish I for Heritage Students,3,https://jjay.smartcatalogiq.com/en/2024-2025/undergraduate-bulletin/general-education/general-education-courses/flexible-core-world-cultures-and-global-issues
JOHNJAY,JJAY_FC_WORLD_CULTURES,SUS 200,Introduction to Sustainability Studies,3,https://jjay.smartcatalogiq.com/en/2024-2025/undergraduate-bulletin/general-education/general-education-courses/flexible-core-world-cultures-and-global-issues
JOHNJAY,JJAY_FC_US_EXPERIENCE,AFR 121,Africana Communities in U.S.,3,https://jjay.smartcatalogiq.com/en/2024-2025/undergraduate-bulletin/general-education/general-education-courses/flexible-core-us-experience-in-its-diversity
JOHNJAY,JJAY_FC_US_EXPERIENCE,AFR 125,Race & Ethnicity in America,3,https://jjay.smartcatalogiq.com/en/2024-2025/undergraduate-bulletin/general-education/general-education-courses/flexible-core-us-experience-in-its-diversity
JOHNJAY,JJAY_FC_US_EXPERIENCE,AFR 224,African American Women in Art,3,https://jjay.smartcatalogiq.com/en/2024-2025/undergraduate-bulletin/general-education/general-education-courses/flexible-core-us-experience-in-its-diversity
JOHNJAY,JJAY_FC_US_EXPERIENCE,AFR 255,Community Innovation and Social Entrepreneurship,3,https://jjay.smartcatalogiq.com/en/2024-2025/undergraduate-bulletin/general-education/general-education-courses/flexible-core-us-experience-in-its-diversity
JOHNJAY,JJAY_FC_US_EXPERIENCE,ART 224,African American Women in Art,3,https://jjay.smartcatalogiq.com/en/2024-2025/undergraduate-bulletin/general-education/general-education-courses/flexible-core-us-experience-in-its-diversity
JOHNJAY,JJAY_FC_US_EXPERIENCE,ART 232,African American Art: A Visual & Cultural History,3,https://jjay.smartcatalogiq.com/en/2024-2025/undergraduate-bulletin/general-education/general-education-courses/flexible-core-us-experience-in-its-diversity
JOHNJAY,JJAY_FC_US_EXPERIENCE,CSL 260,Gender & Work Life,3,https://jjay.smartcatalogiq.com/en/2024-2025/undergraduate-bulletin/general-education/general-education-courses/flexible-core-us-experience-in-its-diversity
JOHNJAY,JJAY_FC_US_EXPERIENCE,ECO 105,Understanding U.S. Economic Data,3,https://jjay.smartcatalogiq.com/en/2024-2025/undergraduate-bulletin/general-education/general-education-courses/flexible-core-us-experience-in-its-diversity
JOHNJAY,JJAY_FC_US_EXPERIENCE,HIS 201,United States History to 1865,3,https://jjay.smartcatalogiq.com/en/2024-2025/undergraduate-bulletin/general-education/general-education-courses/flexible-core-us-experience-in-its-diversity
JOHNJAY,JJAY_FC_US_EXPERIENCE,HIS 202,United States History since 1865,3,https://jjay.smartcatalogiq.com/en/2024-2025/undergraduate-bulletin/general-education/general-education-courses/flexible-core-us-experience-in-its-diversity
JOHNJAY,JJAY_FC_US_EXPERIENCE,HIS 214,Immigration and Ethnicity in the United States,3,https://jjay.smartcatalogiq.com/en/2024-2025/undergraduate-bulletin/general-education/general-education-courses/flexible-core-us-experience-in-its-diversity
JOHNJAY,JJAY_FC_US_EXPERIENCE,HIS 217,History of NYC (was Three Hundred Years of NYC),3,https://jjay.smartcatalogiq.com/en/2024-2025/undergraduate-bulletin/general-education/general-education-courses/flexible-core-us-experience-in-its-diversity
JOHNJAY,JJAY_FC_US_EXPERIENCE,ISP 122,"""Those"" People: Stereotypes in U.S.A.",3,https://jjay.smartcatalogiq.com/en/2024-2025/undergraduate-bulletin/general-education/general-education-courses/flexible-core-us-experience-in-its-diversity
JOHNJAY,JJAY_FC_US_EXPERIENCE,ISP 125,You Are What You Eat: Food & Culture in the U.S.,3,https://jjay.smartcatalogiq.com/en/2024-2025/undergraduate-bulletin/general-education/general-education-courses/flexible-core-us-experience-in-its-diversity
JOHNJAY,JJAY_FC_US_EXPERIENCE,ISP 225,Re-Envisioning the U.S.A.,3,https://jjay.smartcatalogiq.com/en/2024-2025/undergraduate-bulletin/general-education/general-education-courses/flexible-core-us-experience-in-its-diversity
JOHNJAY,JJAY_FC_US_EXPERIENCE,ISP 224,Constructions of Difference in the U.S.A.,3,https://jjay.smartcatalogiq.com/en/2024-2025/undergraduate-bulletin/general-education/general-education-courses/flexible-core-us-experience-in-its-diversity
JOHNJAY,JJAY_FC_US_EXPERIENCE,ISP 226,White Supremacy: Constructions of Race and Institutionalized Racism,3,https://jjay.smartcatalogiq.com/en/2024-2025/undergraduate-bulletin/general-education/general-education-courses/flexible-core-us-experience-in-its-diversity
JOHNJAY,JJAY_FC_US_EXPERIENCE,LIT 233,"This is America: Stories of Promise, Power, and Protest",3,https://jjay.smartcatalogiq.com/en/2024-2025/undergraduate-bulletin/general-education/general-education-courses/flexible-core-us-experience-in-its-diversity
JOHNJAY,JJAY_FC_US_EXPERIENCE,LIT 268,Latinx Graphic Novel,3,https://jjay.smartcatalogiq.com/en/2024-2025/undergraduate-bulletin/general-education/general-education-courses/flexible-core-us-experience-in-its-diversity
JOHNJAY,JJAY_FC_US_EXPERIENCE,LLS 124,Latinx Communities in the United States,3,https://jjay.smartcatalogiq.com/en/2024-2025/undergraduate-bulletin/general-education/general-education-courses/flexible-core-us-experience-in-its-diversity
JOHNJAY,JJAY_FC_US_EXPERIENCE,LLS 143,Introduction to Latinx Literature,3,https://jjay.smartcatalogiq.com/en/2024-2025/undergraduate-bulletin/general-education/general-education-courses/flexible-core-us-experience-in-its-diversity
JOHNJAY,JJAY_FC_US_EXPERIENCE,LLS 147,Criminal Justice in Latinx Literature,3,https://jjay.smartcatalogiq.com/en/2024-2025/undergraduate-bulletin/general-education/general-education-courses/flexible-core-us-experience-in-its-diversity
JOHNJAY,JJAY_FC_US_EXPERIENCE,LLS 203,U.S. Latinx Identity in the 21st Century,3,https://jjay.smartcatalogiq.com/en/2024-2025/undergraduate-bulletin/general-education/general-education-courses/flexible-core-us-experience-in-its-diversity
JOHNJAY,JJAY_FC_US_EXPERIENCE,LLS 241,Latinx Populations and the City,3,https://jjay.smartcatalogiq.com/en/2024-2025/undergraduate-bulletin/general-education/general-education-courses/flexible-core-us-experience-in-its-diversity
JOHNJAY,JJAY_FC_US_EXPERIENCE,LLS 273,Latinx Film and Media,3,https://jjay.smartcatalogiq.com/en/2024-2025/undergraduate-bulletin/general-education/general-education-courses/flexible-core-us-experience-in-its-diversity
JOHNJAY,JJAY_FC_US_EXPERIENCE,MHC 126,Macaulay Seminar 2: The People of New York City,3,https://jjay.smartcatalogiq.com/en/2024-2025/undergraduate-bulletin/general-education/general-education-courses/flexible-core-us-experience-in-its-diversity
JOHNJAY,JJAY_FC_US_EXPERIENCE,MUS 108,"Music of the Harlem Renaissance, 1920-1940",3,https://jjay.smartcatalogiq.com/en/2024-2025/undergraduate-bulletin/general-education/general-education-courses/flexible-core-us-experience-in-its-diversity
JOHNJAY,JJAY_FC_US_EXPERIENCE,PHI 202,Philosophical Visions of American Pluralism,3,https://jjay.smartcatalogiq.com/en/2024-2025/undergraduate-bulletin/general-education/general-education-courses/flexible-core-us-experience-in-its-diversity
JOHNJAY,JJAY_FC_US_EXPERIENCE,POL 101,American Government & Politics,3,https://jjay.smartcatalogiq.com/en/2024-2025/undergraduate-bulletin/general-education/general-education-courses/flexible-core-us-experience-in-its-diversity
JOHNJAY,JJAY_FC_US_EXPERIENCE,SOC 213,Sociology of Race and Ethnic Relations,3,https://jjay.smartcatalogiq.com/en/2024-2025/undergraduate-bulletin/general-education/general-education-courses/flexible-core-us-experience-in-its-diversity
JOHNJAY,JJAY_FC_CREATIVE,AFR 132,Arts & Culture in the African Diaspora,3,https://jjay.smartcatalogiq.com/en/2024-2025/undergraduate-bulletin/general-education/general-education-courses/flexible-core-creative-expression
JOHNJAY,JJAY_FC_CREATIVE,AFR 202,Hip Hop Justice,3,https://jjay.smartcatalogiq.com/en/2024-2025/undergraduate-bulletin/general-education/general-education-courses/flexible-core-creative-expression
JOHNJAY,JJAY_FC_CREATIVE,AFR 241,Poetic Justice: Spoken Word Poetry and Performance,3,https://jjay.smartcatalogiq.com/en/2024-2025/undergraduate-bulletin/general-education/general-education-courses/flexible-core-creative-expression
JOHNJAY,JJAY_FC_CREATIVE,ART 101,Introduction to Art,3,https://jjay.smartcatalogiq.com/en/2024-2025/undergraduate-bulletin/general-education/general-education-courses/flexible-core-creative-expression
JOHNJAY,JJAY_FC_CREATIVE,ART 103,Art of the Italian Renaissance,3,https://jjay.smartcatalogiq.com/en/2024-2025/undergraduate-bulletin/general-education/general-education-courses/flexible-core-creative-expression
JOHNJAY,JJAY_FC_CREATIVE,ART 104,Non-Western Art & Visual Culture,3,https://jjay.smartcatalogiq.com/en/2024-2025/undergraduate-bulletin/general-education/general-education-courses/flexible-core-creative-expression
JOHNJAY,JJAY_FC_CREATIVE,ART 105,Modern Art,3,https://jjay.smartcatalogiq.com/en/2024-2025/undergraduate-bulletin/general-education/general-education-courses/flexible-core-creative-expression
JOHNJAY,JJAY_FC_CREATIVE,ART 106,Latin American Art,3,https://jjay.smartcatalogiq.com/en/2024-2025/undergraduate-bulletin/general-education/general-education-courses/flexible-core-creative-expression
JOHNJAY,JJAY_FC_CREATIVE,ART 201,Art in NY,3,https://jjay.smartcatalogiq.com/en/2024-2025/undergraduate-bulletin/general-education/general-education-courses/flexible-core-creative-expression
JOHNJAY,JJAY_FC_CREATIVE,ART 254,Political Art,3,https://jjay.smartcatalogiq.com/en/2024-2025/undergraduate-bulletin/general-education/general-education-courses/flexible-core-creative-expression
JOHNJAY,JJAY_FC_CREATIVE,DRA 110,Introduction to Theatre,3,https://jjay.smartcatalogiq.com/en/2024-2025/undergraduate-bulletin/general-education/general-education-courses/flexible-core-creative-expression
JOHNJAY,JJAY_FC_CREATIVE,DRA 212,History of Theater from Ancient Greece to Restoration (was History of the Drama I),3,https://jjay.smartcatalogiq.com/en/2024-2025/undergraduate-bulletin/general-education/general-education-courses/flexible-core-creative-expression
JOHNJAY,JJAY_FC_CREATIVE,DRA 217,Theater of Americas since 1960,3,https://jjay.smartcatalogiq.com/en/2024-2025/undergraduate-bulletin/general-education/general-education-courses/flexible-core-creative-expression
JOHNJAY,JJAY_FC_CREATIVE,DRA 225,Criminal Justice in Theatre,3,https://jjay.smartcatalogiq.com/en/2024-2025/undergraduate-bulletin/general-education/general-education-courses/flexible-core-creative-expression
JOHNJAY,JJAY_FC_CREATIVE,ENG 247,Creative Expression and Human Nature,3,https://jjay.smartcatalogiq.com/en/2024-2025/undergraduate-bulletin/general-education/general-education-courses/flexible-core-creative-expression
JOHNJAY,JJAY_FC_CREATIVE,ISP 130,"Creative Movements: How, When and Why They Happen",3,https://jjay.smartcatalogiq.com/en/2024-2025/undergraduate-bulletin/general-education/general-education-courses/flexible-core-creative-expression
JOHNJAY,JJAY_FC_CREATIVE,ISP 132,Monsters and What They Mean,3,https://jjay.smartcatalogiq.com/en/2024-2025/undergraduate-bulletin/general-education/general-education-courses/flexible-core-creative-expression
JOHNJAY,JJAY_FC_CREATIVE,ISP 134,Imagining Other Worlds,3,https://jjay.smartcatalogiq.com/en/2024-2025/undergraduate-bulletin/general-education/general-education-courses/flexible-core-creative-expression
JOHNJAY,JJAY_FC_CREATIVE,ISP 135,True Crime and Popular Culture,3,https://jjay.smartcatalogiq.com/en/2024-2025/undergraduate-bulletin/general-education/general-education-courses/flexible-core-creative-expression
JOHNJAY,JJAY_FC_CREATIVE,ISP 235,Apples & Oranges: Form & Meaning in the Arts,3,https://jjay.smartcatalogiq.com/en/2024-2025/undergraduate-bulletin/general-education/general-education-courses/flexible-core-creative-expression
JOHNJAY,JJAY_FC_CREATIVE,ISP 236,Truth & Creativity: How We Make Meaning,3,https://jjay.smartcatalogiq.com/en/2024-2025/undergraduate-bulletin/general-education/general-education-courses/flexible-core-creative-expression
JOHNJAY,JJAY_FC_CREATIVE,ISP 237,Laughing at Ourselves: Comedy and Identity,3,https://jjay.smartcatalogiq.com/en/2024-2025/undergraduate-bulletin/general-education/general-education-courses/flexible-core-creative-expression
JOHNJAY,JJAY_FC_CREATIVE,LIT 104,Whose Stories Get Told?,3,https://jjay.smartcatalogiq.com/en/2024-2025/undergraduate-bulletin/general-education/general-education-courses/flexible-core-creative-expression
JOHNJAY,JJAY_FC_CREATIVE,LIT 106,Introduction to Film,3,https://jjay.smartcatalogiq.com/en/2024-2025/undergraduate-bulletin/general-education/general-education-courses/flexible-core-creative-expression
JOHNJAY,JJAY_FC_CREATIVE,LIT 133,Justice Across Literature,3,https://jjay.smartcatalogiq.com/en/2024-2025/undergraduate-bulletin/general-education/general-education-courses/flexible-core-creative-expression
JOHNJAY,JJAY_FC_CREATIVE,LIT 140,Crime Stories,3,https://jjay.smartcatalogiq.com/en/2024-2025/undergraduate-bulletin/general-education/general-education-courses/flexible-core-creative-expression
JOHNJAY,JJAY_FC_CREATIVE,LIT 230,Ancient Literature: Expressions of the Living Past,3,https://jjay.smartcatalogiq.com/en/2024-2025/undergraduate-bulletin/general-education/general-education-courses/flexible-core-creative-expression
JOHNJAY,JJAY_FC_CREATIVE,LIT 241,Murder on Screen and Stage,3,https://jjay.smartcatalogiq.com/en/2024-2025/undergraduate-bulletin/general-education/general-education-courses/flexible-core-creative-expression
JOHNJAY,JJAY_FC_CREATIVE,LLS 110,Popular Music of the Caribbean,3,https://jjay.smartcatalogiq.com/en/2024-2025/undergraduate-bulletin/general-education/general-education-courses/flexible-core-creative-expression
JOHNJAY,JJAY_FC_CREATIVE,LLS 217,Theater of Americas since 1960,3,https://jjay.smartcatalogiq.com/en/2024-2025/undergraduate-bulletin/general-education/general-education-courses/flexible-core-creative-expression
JOHNJAY,JJAY_FC_CREATIVE,LLS 223,Revolution & Social Change in Latin American Literature & Arts,3,https://jjay.smartcatalogiq.com/en/2024-2025/undergraduate-bulletin/general-education/general-education-courses/flexible-core-creative-expression
JOHNJAY,JJAY_FC_CREATIVE,MHC 125,Macaulay Seminar 1: The Arts in New York City,3,https://jjay.smartcatalogiq.com/en/2024-2025/undergraduate-bulletin/general-education/general-education-courses/flexible-core-creative-expression
JOHNJAY,JJAY_FC_CREATIVE,MUS 101,Introduction to Music,3,https://jjay.smartcatalogiq.com/en/2024-2025/undergraduate-bulletin/general-education/general-education-courses/flexible-core-creative-expression
JOHNJAY,JJAY_FC_CREATIVE,MUS 103,American Popular Music from Jazz to Rock,3,https://jjay.smartcatalogiq.com/en/2024-2025/undergraduate-bulletin/general-education/general-education-courses/flexible-core-creative-expression
JOHNJAY,JJAY_FC_CREATIVE,MUS 104,Music in World Culture,3,https://jjay.smartcatalogiq.com/en/2024-2025/undergraduate-bulletin/general-education/general-education-courses/flexible-core-creative-expression
JOHNJAY,JJAY_FC_CREATIVE,MUS 110,Popular Music of the Caribbean,3,https://jjay.smartcatalogiq.com/en/2024-2025/undergraduate-bulletin/general-education/general-education-courses/flexible-core-creative-expression
JOHNJAY,JJAY_FC_CREATIVE,MUS 211,Introduction to Afro-Caribbean Music and Dance,3,https://jjay.smartcatalogiq.com/en/2024-2025/undergraduate-bulletin/general-education/general-education-courses/flexible-core-creative-expression
JOHNJAY,JJAY_FC_CREATIVE,PHI 201,Philosophy of Art,3,https://jjay.smartcatalogiq.com/en/2024-2025/undergraduate-bulletin/general-education/general-education-courses/flexible-core-creative-expression
JOHNJAY,JJAY_FC_CREATIVE,PHI 238,Philosophy of Comedy,3,https://jjay.smartcatalogiq.com/en/2024-2025/undergraduate-bulletin/general-education/general-education-courses/flexible-core-creative-expression
JOHNJAY,JJAY_FC_CREATIVE,SPA 217,Theater of Americas since 1960,3,https://jjay.smartcatalogiq.com/en/2024-2025/undergraduate-bulletin/general-education/general-education-courses/flexible-core-creative-expression
JOHNJAY,JJAY_FC_INDIVIDUAL,AFR 243,Africana Youth and Social Justice Struggles,3,https://jjay.smartcatalogiq.com/en/2024-2025/undergraduate-bulletin/general-education/general-education-courses/flexible-core-individual-and-society
JOHNJAY,JJAY_FC_INDIVIDUAL,ANT 110,Drug Use & Abuse,3,https://jjay.smartcatalogiq.com/en/2024-2025/undergraduate-bulletin/general-education/general-education-courses/flexible-core-individual-and-society
JOHNJAY,JJAY_FC_INDIVIDUAL,ANT 210,Sex and Culture,3,https://jjay.smartcatalogiq.com/en/2024-2025/undergraduate-bulletin/general-education/general-education-courses/flexible-core-individual-and-society
JOHNJAY,JJAY_FC_INDIVIDUAL,ART 222,Body Politics,3,https://jjay.smartcatalogiq.com/en/2024-2025/undergraduate-bulletin/general-education/general-education-courses/flexible-core-individual-and-society
JOHNJAY,JJAY_FC_INDIVIDUAL,CSL 250,"Intimate Relationships: Love, Sex and Attachment",3,https://jjay.smartcatalogiq.com/en/2024-2025/undergraduate-bulletin/general-education/general-education-courses/flexible-core-individual-and-society
JOHNJAY,JJAY_FC_INDIVIDUAL,ECO 101,Introduction to Economics and Global Capitalism,3,https://jjay.smartcatalogiq.com/en/2024-2025/undergraduate-bulletin/general-education/general-education-courses/flexible-core-individual-and-society
JOHNJAY,JJAY_FC_INDIVIDUAL,ENG 131,"Self, Media and Society",3,https://jjay.smartcatalogiq.com/en/2024-2025/undergraduate-bulletin/general-education/general-education-courses/flexible-core-individual-and-society
JOHNJAY,JJAY_FC_INDIVIDUAL,ENG 225,"Interpreting Objects, Texts and Culture",3,https://jjay.smartcatalogiq.com/en/2024-2025/undergraduate-bulletin/general-education/general-education-courses/flexible-core-individual-and-society
JOHNJAY,JJAY_FC_INDIVIDUAL,GEN 101,Introduction to Gender Studies,3,https://jjay.smartcatalogiq.com/en/2024-2025/undergraduate-bulletin/general-education/general-education-courses/flexible-core-individual-and-society
JOHNJAY,JJAY_FC_INDIVIDUAL,HON 201,Critical Perspectives on the Common Good,3,https://jjay.smartcatalogiq.com/en/2024-2025/undergraduate-bulletin/general-education/general-education-courses/flexible-core-individual-and-society
JOHNJAY,JJAY_FC_INDIVIDUAL,ISP 140,Murder: Historical and Cultural Perspectives,3,https://jjay.smartcatalogiq.com/en/2024-2025/undergraduate-bulletin/general-education/general-education-courses/flexible-core-individual-and-society
JOHNJAY,JJAY_FC_INDIVIDUAL,ISP 145,Why Gender Matters,3,https://jjay.smartcatalogiq.com/en/2024-2025/undergraduate-bulletin/general-education/general-education-courses/flexible-core-individual-and-society
JOHNJAY,JJAY_FC_INDIVIDUAL,ISP 147,Life Stories,3,https://jjay.smartcatalogiq.com/en/2024-2025/undergraduate-bulletin/general-education/general-education-courses/flexible-core-individual-and-society
JOHNJAY,JJAY_FC_INDIVIDUAL,ISP 242,Stuff: An Investigation into the Meaning of Things,3,https://jjay.smartcatalogiq.com/en/2024-2025/undergraduate-bulletin/general-education/general-education-courses/flexible-core-individual-and-society
JOHNJAY,JJAY_FC_INDIVIDUAL,ISP 246,Forbidden Love: Cultural and Social Perspectives,3,https://jjay.smartcatalogiq.com/en/2024-2025/undergraduate-bulletin/general-education/general-education-courses/flexible-core-individual-and-society
JOHNJAY,JJAY_FC_INDIVIDUAL,ISP 248,Getting Even: Forgiveness and Revenge,3,https://jjay.smartcatalogiq.com/en/2024-2025/undergraduate-bulletin/general-education/general-education-courses/flexible-core-individual-and-society
JOHNJAY,JJAY_FC_INDIVIDUAL,LIT 232,Reading the Modern World,3,https://jjay.smartcatalogiq.com/en/2024-2025/undergraduate-bulletin/general-education/general-education-courses/flexible-core-individual-and-society
JOHNJAY,JJAY_FC_INDIVIDUAL,LIT 243,"Rights, Wrongs and Literature in Action",3,https://jjay.smartcatalogiq.com/en/2024-2025/undergraduate-bulletin/general-education/general-education-courses/flexible-core-individual-and-society
JOHNJAY,JJAY_FC_INDIVIDUAL,LIT 267,Latinx Horror and Gothic in Literature and Film,3,https://jjay.smartcatalogiq.com/en/2024-2025/undergraduate-bulletin/general-education/general-education-courses/flexible-core-individual-and-society
JOHNJAY,JJAY_FC_INDIVIDUAL,LLS 120,"Race, Criminal Justice and Latinx Communities",3,https://jjay.smartcatalogiq.com/en/2024-2025/undergraduate-bulletin/general-education/general-education-courses/flexible-core-individual-and-society
JOHNJAY,JJAY_FC_INDIVIDUAL,LLS 247,Growing Up Latinx,3,https://jjay.smartcatalogiq.com/en/2024-2025/undergraduate-bulletin/general-education/general-education-courses/flexible-core-individual-and-society
JOHNJAY,JJAY_FC_INDIVIDUAL,LLS 255,Latin American Woman in Global Society,3,https://jjay.smartcatalogiq.com/en/2024-2025/undergraduate-bulletin/general-education/general-education-courses/flexible-core-individual-and-society
JOHNJAY,JJAY_FC_INDIVIDUAL,LLS 270,Afro-Latinx Literature,3,https://jjay.smartcatalogiq.com/en/2024-2025/undergraduate-bulletin/general-education/general-education-courses/flexible-core-individual-and-society
JOHNJAY,JJAY_FC_INDIVIDUAL,MHC 226,Macaulay Seminar 4: Shaping the Future of New York City,3,https://jjay.smartcatalogiq.com/en/2024-2025/undergraduate-bulletin/general-education/general-education-courses/flexible-core-individual-and-society
JOHNJAY,JJAY_FC_INDIVIDUAL,PED 110,"Personal and Public Health: Social Contexts, Private Choices",3,https://jjay.smartcatalogiq.com/en/2024-2025/undergraduate-bulletin/general-education/general-education-courses/flexible-core-individual-and-society
JOHNJAY,JJAY_FC_INDIVIDUAL,PHI 210,Ethical Theory,3,https://jjay.smartcatalogiq.com/en/2024-2025/undergraduate-bulletin/general-education/general-education-courses/flexible-core-individual-and-society
JOHNJAY,JJAY_FC_INDIVIDUAL,PHI 231,Big Questions: Introduction to Philosophy,3,https://jjay.smartcatalogiq.com/en/2024-2025/undergraduate-bulletin/general-education/general-education-courses/flexible-core-individual-and-society
JOHNJAY,JJAY_FC_INDIVIDUAL,POL 237,Gender and Politics,3,https://jjay.smartcatalogiq.com/en/2024-2025/undergraduate-bulletin/general-education/general-education-courses/flexible-core-individual-and-society
JOHNJAY,JJAY_FC_INDIVIDUAL,POL 270,Political Philosophy,3,https://jjay.smartcatalogiq.com/en/2024-2025/undergraduate-bulletin/general-education/general-education-courses/flexible-core-individual-and-society
JOHNJAY,JJAY_FC_INDIVIDUAL,PSY 101,Introduction to Psychology,3,https://jjay.smartcatalogiq.com/en/2024-2025/undergraduate-bulletin/general-education/general-education-courses/flexible-core-individual-and-society
JOHNJAY,JJAY_FC_INDIVIDUAL,PSY 210,Sex and Culture,3,https://jjay.smartcatalogiq.com/en/2024-2025/undergraduate-bulletin/general-education/general-education-courses/flexible-core-individual-and-society
JOHNJAY,JJAY_FC_INDIVIDUAL,SOC 101,Introduction to Sociology,3,https://jjay.smartcatalogiq.com/en/2024-2025/undergraduate-bulletin/general-education/general-education-courses/flexible-core-individual-and-society
JOHNJAY,JJAY_FC_INDIVIDUAL,SOC 110,Drug Use & Abuse (was Drug & Alcohol Use & Abuse),3,https://jjay.smartcatalogiq.com/en/2024-2025/undergraduate-bulletin/general-education/general-education-courses/flexible-core-individual-and-society
JOHNJAY,JJAY_FC_SCIENTIFIC_WORLD,AFR 252,Race and Science,3,https://jjay.smartcatalogiq.com/en/2024-2025/undergraduate-bulletin/general-education/general-education-courses/flexible-core-scientific-world
JOHNJAY,JJAY_FC_SCIENTIFIC_WORLD,BIO 255,Biology of Gender & Sexuality,3,https://jjay.smartcatalogiq.com/en/2024-2025/undergraduate-bulletin/general-education/general-education-courses/flexible-core-scientific-world
JOHNJAY,JJAY_FC_SCIENTIFIC_WORLD,GEN 255,Biology of Gender & Sexuality,3,https://jjay.smartcatalogiq.com/en/2024-2025/undergraduate-bulletin/general-education/general-education-courses/flexible-core-scientific-world
JOHNJAY,JJAY_FC_SCIENTIFIC_WORLD,HIS 131,"Topics in History of Science, Technology & Medicine",3,https://jjay.smartcatalogiq.com/en/2024-2025/undergraduate-bulletin/general-education/general-education-courses/flexible-core-scientific-world
JOHNJAY,JJAY_FC_SCIENTIFIC_WORLD,ISP 255,Technology and Culture,3,https://jjay.smartcatalogiq.com/en/2024-2025/undergraduate-bulletin/general-education/general-education-courses/flexible-core-scientific-world
JOHNJAY,JJAY_FC_SCIENTIFIC_WORLD,ISP 265,Evolution and Its Impact,3,https://jjay.smartcatalogiq.com/en/2024-2025/undergraduate-bulletin/general-education/general-education-courses/flexible-core-scientific-world
JOHNJAY,JJAY_FC_SCIENTIFIC_WORLD,LIT 109,Stories and Numbers,3,https://jjay.smartcatalogiq.com/en/2024-2025/undergraduate-bulletin/general-education/general-education-courses/flexible-core-scientific-world
JOHNJAY,JJAY_FC_SCIENTIFIC_WORLD,LIT 142,"Science Fiction, Science Fact",3,https://jjay.smartcatalogiq.com/en/2024-2025/undergraduate-bulletin/general-education/general-education-courses/flexible-core-scientific-world
JOHNJAY,JJAY_FC_SCIENTIFIC_WORLD,LIT 239,Science in the Making,3,https://jjay.smartcatalogiq.com/en/2024-2025/undergraduate-bulletin/general-education/general-education-courses/flexible-core-scientific-world
JOHNJAY,JJAY_FC_SCIENTIFIC_WORLD,MHC 225,Macaulay Seminar 3: Science Forward,3,https://jjay.smartcatalogiq.com/en/2024-2025/undergraduate-bulletin/general-education/general-education-courses/flexible-core-scientific-world
JOHNJAY,JJAY_FC_SCIENTIFIC_WORLD,PHI 204,Symbolic Logic,3,https://jjay.smartcatalogiq.com/en/2024-2025/undergraduate-bulletin/general-education/general-education-courses/flexible-core-scientific-world
JOHNJAY,JJAY_FC_SCIENTIFIC_WORLD,PHI 235,Philosophy of Science,3,https://jjay.smartcatalogiq.com/en/2024-2025/undergraduate-bulletin/general-education/general-education-courses/flexible-core-scientific-world
JOHNJAY,JJAY_FC_SCIENTIFIC_WORLD,SCI 163,The Extraordinary Chemistry of Ordinary Things,3,https://jjay.smartcatalogiq.com/en/2024-2025/undergraduate-bulletin/general-education/general-education-courses/flexible-core-scientific-world
JOHNJAY,JJAY_FC_SCIENTIFIC_WORLD,SCI 166,Chemistry of Cooking,3,https://jjay.smartcatalogiq.com/en/2024-2025/undergraduate-bulletin/general-education/general-education-courses/flexible-core-scientific-world
JOHNJAY,JJAY_FC_SCIENTIFIC_WORLD,SCI 210,Toxin or Not,3,https://jjay.smartcatalogiq.com/en/2024-2025/undergraduate-bulletin/general-education/general-education-courses/flexible-core-scientific-world
JOHNJAY,JJAY_FC_SCIENTIFIC_WORLD,SCI 220,The Incredible Living Machine: The Human Body,3,https://jjay.smartcatalogiq.com/en/2024-2025/undergraduate-bulletin/general-education/general-education-courses/flexible-core-scientific-world
JOHNJAY,JJAY_FC_SCIENTIFIC_WORLD,SCI 222,Ecology of the Five Boroughs,3,https://jjay.smartcatalogiq.com/en/2024-2025/undergraduate-bulletin/general-education/general-education-courses/flexible-core-scientific-world
JOHNJAY,JJAY_FC_SCIENTIFIC_WORLD,SCI 225,The Science of Cosmetics,3,https://jjay.smartcatalogiq.com/en/2024-2025/undergraduate-bulletin/general-education/general-education-courses/flexible-core-scientific-world
JOHNJAY,JJAY_FC_SCIENTIFIC_WORLD,BIO 102,Paced Modern Biology I-B,3,https://jjay.smartcatalogiq.com/en/2024-2025/undergraduate-bulletin/general-education/general-education-courses/stem-variants-for-flexible-core-scientific-world
JOHNJAY,JJAY_FC_SCIENTIFIC_WORLD,BIO 103,Modern Biology I,5,https://jjay.smartcatalogiq.com/en/2024-2025/undergraduate-bulletin/general-education/general-education-courses/stem-variants-for-flexible-core-scientific-world
JOHNJAY,JJAY_FC_SCIENTIFIC_WORLD,BIO 104,Modern Biology II,4,https://jjay.smartcatalogiq.com/en/2024-2025/undergraduate-bulletin/general-education/general-education-courses/stem-variants-for-flexible-core-scientific-world
JOHNJAY,JJAY_FC_SCIENTIFIC_WORLD,CHE 102,General Chemistry I-B,3,https://jjay.smartcatalogiq.com/en/2024-2025/undergraduate-bulletin/general-education/general-education-courses/stem-variants-for-flexible-core-scientific-world
JOHNJAY,JJAY_FC_SCIENTIFIC_WORLD,CHE 103,General Chemistry I,5,https://jjay.smartcatalogiq.com/en/2024-2025/undergraduate-bulletin/general-education/general-education-courses/stem-variants-for-flexible-core-scientific-world
JOHNJAY,JJAY_FC_SCIENTIFIC_WORLD,CHE 104,General Chemistry II,4,https://jjay.smartcatalogiq.com/en/2024-2025/undergraduate-bulletin/general-education/general-education-courses/stem-variants-for-flexible-core-scientific-world
JOHNJAY,JJAY_FC_SCIENTIFIC_WORLD,CHE 201,Organic Chemistry I,4,https://jjay.smartcatalogiq.com/en/2024-2025/undergraduate-bulletin/general-education/general-education-courses/stem-variants-for-flexible-core-scientific-world
JOHNJAY,JJAY_FC_SCIENTIFIC_WORLD,CHE 202,Organic Chemistry II,4,https://jjay.smartcatalogiq.com/en/2024-2025/undergraduate-bulletin/general-education/general-education-courses/stem-variants-for-flexible-core-scientific-world
JOHNJAY,JJAY_FC_SCIENTIFIC_WORLD,CHE 220,Quantitative Analysis,4,https://jjay.smartcatalogiq.com/en/2024-2025/undergraduate-bulletin/general-education/general-education-courses/stem-variants-for-flexible-core-scientific-world
JOHNJAY,JJAY_FC_SCIENTIFIC_WORLD,CSCI 271,Introduction to Computing and Programming,3,https://jjay.smartcatalogiq.com/en/2024-2025/undergraduate-bulletin/general-education/general-education-courses/stem-variants-for-flexible-core-scientific-world
JOHNJAY,JJAY_FC_SCIENTIFIC_WORLD,PHY 101,College Physics I (Liberal Arts Physics),4,https://jjay.smartcatalogiq.com/en/2024-2025/undergraduate-bulletin/general-education/general-education-courses/stem-variants-for-flexible-core-scientific-world
JOHNJAY,JJAY_FC_SCIENTIFIC_WORLD,PHY 102,College Physics II (Liberal Arts Physics),4,https://jjay.smartcatalogiq.com/en/2024-2025/undergraduate-bulletin/general-education/general-education-courses/stem-variants-for-flexible-core-scientific-world
JOHNJAY,JJAY_FC_SCIENTIFIC_WORLD,PHY 203,General Physics I,4,https://jjay.smartcatalogiq.com/en/2024-2025/undergraduate-bulletin/general-education/general-education-courses/stem-variants-for-flexible-core-scientific-world
JOHNJAY,JJAY_FC_SCIENTIFIC_WORLD,PHY 204,General Physics II,4,https://jjay.smartcatalogiq.com/en/2024-2025/undergraduate-bulletin/general-education/general-education-courses/stem-variants-for-flexible-core-scientific-world
JOHNJAY,JJAY_COLLEGE_JUSTICE_100,AFR 123,"Justice, the Individual & Struggle in African American Experience",3,https://jjay.smartcatalogiq.com/en/2024-2025/undergraduate-bulletin/general-education/general-education-courses/john-jay-college-option-justice-core-i-100-level
JOHNJAY,JJAY_COLLEGE_JUSTICE_100,ANT 100,The Ethnography of Youth and Justice in New York City,3,https://jjay.smartcatalogiq.com/en/2024-2025/undergraduate-bulletin/general-education/general-education-courses/john-jay-college-option-justice-core-i-100-level
JOHNJAY,JJAY_COLLEGE_JUSTICE_100,COM 128,Justice & the Outsider,3,https://jjay.smartcatalogiq.com/en/2024-2025/undergraduate-bulletin/general-education/general-education-courses/john-jay-college-option-justice-core-i-100-level
JOHNJAY,JJAY_COLLEGE_JUSTICE_100,COM 155,Justice & Communication in Civic Life,3,https://jjay.smartcatalogiq.com/en/2024-2025/undergraduate-bulletin/general-education/general-education-courses/john-jay-college-option-justice-core-i-100-level
JOHNJAY,JJAY_COLLEGE_JUSTICE_100,ECO 170,"Crime, Class, Capitalism: The Economics of Justice",3,https://jjay.smartcatalogiq.com/en/2024-2025/undergraduate-bulletin/general-education/general-education-courses/john-jay-college-option-justice-core-i-100-level
JOHNJAY,JJAY_COLLEGE_JUSTICE_100,EDU 100,Education and Justice,3,https://jjay.smartcatalogiq.com/en/2024-2025/undergraduate-bulletin/general-education/general-education-courses/john-jay-college-option-justice-core-i-100-level
JOHNJAY,JJAY_COLLEGE_JUSTICE_100,ENG 133,Language and Justice,3,https://jjay.smartcatalogiq.com/en/2024-2025/undergraduate-bulletin/general-education/general-education-courses/john-jay-college-option-justice-core-i-100-level
JOHNJAY,JJAY_COLLEGE_JUSTICE_100,GEN 140,"Gender, Activism & Social Change",3,https://jjay.smartcatalogiq.com/en/2024-2025/undergraduate-bulletin/general-education/general-education-courses/john-jay-college-option-justice-core-i-100-level
JOHNJAY,JJAY_COLLEGE_JUSTICE_100,HIS 100,Criminal Justice and Popular Culture,3,https://jjay.smartcatalogiq.com/en/2024-2025/undergraduate-bulletin/general-education/general-education-courses/john-jay-college-option-justice-core-i-100-level
JOHNJAY,JJAY_COLLEGE_JUSTICE_100,HIS 106,Historical Perspectives on Justice & Inequality,3,https://jjay.smartcatalogiq.com/en/2024-2025/undergraduate-bulletin/general-education/general-education-courses/john-jay-college-option-justice-core-i-100-level
JOHNJAY,JJAY_COLLEGE_JUSTICE_100,HJS 100,The Individual on Trial,3,https://jjay.smartcatalogiq.com/en/2024-2025/undergraduate-bulletin/general-education/general-education-courses/john-jay-college-option-justice-core-i-100-level
JOHNJAY,JJAY_COLLEGE_JUSTICE_100,ISP 100,"Justice: Who's In, Who's Out",3,https://jjay.smartcatalogiq.com/en/2024-2025/undergraduate-bulletin/general-education/general-education-courses/john-jay-college-option-justice-core-i-100-level
JOHNJAY,JJAY_COLLEGE_JUSTICE_100,LIT 133,Justice Across Literature,3,https://jjay.smartcatalogiq.com/en/2024-2025/undergraduate-bulletin/general-education/general-education-courses/john-jay-college-option-justice-core-i-100-level
JOHNJAY,JJAY_COLLEGE_JUSTICE_100,LIT 135,Justice and Heroism,3,https://jjay.smartcatalogiq.com/en/2024-2025/undergraduate-bulletin/general-education/general-education-courses/john-jay-college-option-justice-core-i-100-level
JOHNJAY,JJAY_COLLEGE_JUSTICE_100,LIT 138,Justice by the Book,3,https://jjay.smartcatalogiq.com/en/2024-2025/undergraduate-bulletin/general-education/general-education-courses/john-jay-college-option-justice-core-i-100-level
JOHNJAY,JJAY_COLLEGE_JUSTICE_100,LLS 100,Latinx People and Justice in New York: Freshman Year Seminar,3,https://jjay.smartcatalogiq.com/en/2024-2025/undergraduate-bulletin/general-education/general-education-courses/john-jay-college-option-justice-core-i-100-level
JOHNJAY,JJAY_COLLEGE_JUSTICE_100,PHI 102,Ethical Foundations in Just Society,3,https://jjay.smartcatalogiq.com/en/2024-2025/undergraduate-bulletin/general-education/general-education-courses/john-jay-college-option-justice-core-i-100-level
JOHNJAY,JJAY_COLLEGE_JUSTICE_100,POL 105,Struggles for Justice in the Workplace,3,https://jjay.smartcatalogiq.com/en/2024-2025/undergraduate-bulletin/general-education/general-education-courses/john-jay-college-option-justice-core-i-100-level
JOHNJAY,JJAY_COLLEGE_JUSTICE_100,PSY 141,"Memory: Imperfections, Injustices & Improvements",3,https://jjay.smartcatalogiq.com/en/2024-2025/undergraduate-bulletin/general-education/general-education-courses/john-jay-college-option-justice-core-i-100-level
JOHNJAY,JJAY_COLLEGE_JUSTICE_100,SCI 100,Case Studies in the Sciences: First Year Seminar,3,https://jjay.smartcatalogiq.com/en/2024-2025/undergraduate-bulletin/general-education/general-education-courses/john-jay-college-option-justice-core-i-100-level
JOHNJAY,JJAY_COLLEGE_JUSTICE_100,SOC 104,Tabloid Justice: Causes & Consequences of Crime Sensationalism,3,https://jjay.smartcatalogiq.com/en/2024-2025/undergraduate-bulletin/general-education/general-education-courses/john-jay-college-option-justice-core-i-100-level
JOHNJAY,JJAY_COLLEGE_JUSTICE_100,SOC 106,Sexual Identity & U.S. Society: LGBT Perspectives,3,https://jjay.smartcatalogiq.com/en/2024-2025/undergraduate-bulletin/general-education/general-education-courses/john-jay-college-option-justice-core-i-100-level
JOHNJAY,JJAY_COLLEGE_JUSTICE_200,ECO 207,Movements for Economic Justice,3,https://jjay.smartcatalogiq.com/en/2024-2025/undergraduate-bulletin/general-education/general-education-courses/john-jay-college-option-justice-core-i-200-level
JOHNJAY,JJAY_COLLEGE_JUSTICE_200,HIS 255,Famous Trials that Made History,3,https://jjay.smartcatalogiq.com/en/2024-2025/undergraduate-bulletin/general-education/general-education-courses/john-jay-college-option-justice-core-i-200-level
JOHNJAY,JJAY_COLLEGE_JUSTICE_200,ICJ 205,UN Sustainable Development Goals and Global Justice,3,https://jjay.smartcatalogiq.com/en/2024-2025/undergraduate-bulletin/general-education/general-education-courses/john-jay-college-option-justice-core-i-200-level
JOHNJAY,JJAY_COLLEGE_JUSTICE_200,LIT 204,Outlaws,3,https://jjay.smartcatalogiq.com/en/2024-2025/undergraduate-bulletin/general-education/general-education-courses/john-jay-college-option-justice-core-i-200-level
JOHNJAY,JJAY_COLLEGE_JUSTICE_200,LIT 265,Foundations of U.S. Latinx Literature,3,https://jjay.smartcatalogiq.com/en/2024-2025/undergraduate-bulletin/general-education/general-education-courses/john-jay-college-option-justice-core-i-200-level
JOHNJAY,JJAY_COLLEGE_JUSTICE_200,SOC 220,"Health, Equity and Social Justice",3,https://jjay.smartcatalogiq.com/en/2024-2025/undergraduate-bulletin/general-education/general-education-courses/john-jay-college-option-justice-core-i-200-level
JOHNJAY,JJAY_COLLEGE_JUSTICE_200,SOC 234,"Social Movements, Equity and Activism",3,https://jjay.smartcatalogiq.com/en/2024-2025/undergraduate-bulletin/general-education/general-education-courses/john-jay-college-option-justice-core-i-200-level
JOHNJAY,JJAY_COLLEGE_JUSTICE_200,SOC 247,Cross-cultural Negotiation,3,https://jjay.smartcatalogiq.com/en/2024-2025/undergraduate-bulletin/general-education/general-education-courses/john-jay-college-option-justice-core-i-200-level
JOHNJAY,JJAY_COLLEGE_JUSTICE_300,AFR 300,Landmark Cases: The Black Experience from Plessy v. Ferguson to Brown v. Board of Education,3,https://jjay.smartcatalogiq.com/en/2024-2025/undergraduate-bulletin/general-education/general-education-courses/john-jay-college-option-justice-core-300-level
JOHNJAY,JJAY_COLLEGE_JUSTICE_300,AFR 315,Community-based Justice in the Africana World,3,https://jjay.smartcatalogiq.com/en/2024-2025/undergraduate-bulletin/general-education/general-education-courses/john-jay-college-option-justice-core-300-level
JOHNJAY,JJAY_COLLEGE_JUSTICE_300,AFR 317,Environmental Racism,3,https://jjay.smartcatalogiq.com/en/2024-2025/undergraduate-bulletin/general-education/general-education-courses/john-jay-college-option-justice-core-300-level
JOHNJAY,JJAY_COLLEGE_JUSTICE_300,AFR 319,"Self, Identity & Justice: Global Perspectives",3,https://jjay.smartcatalogiq.com/en/2024-2025/undergraduate-bulletin/general-education/general-education-courses/john-jay-college-option-justice-core-300-level
JOHNJAY,JJAY_COLLEGE_JUSTICE_300,AFR 320,Perspectives on Justice in the Africana World,3,https://jjay.smartcatalogiq.com/en/2024-2025/undergraduate-bulletin/general-education/general-education-courses/john-jay-college-option-justice-core-300-level
JOHNJAY,JJAY_COLLEGE_JUSTICE_300,ANT 315,"Systems of Law, Justice and Injustice Across Cultures",3,https://jjay.smartcatalogiq.com/en/2024-2025/undergraduate-bulletin/general-education/general-education-courses/john-jay-college-option-justice-core-300-level
JOHNJAY,JJAY_COLLEGE_JUSTICE_300,ANT 328,"Forensic Linguistics: Law, Language and Legal Discourse",3,https://jjay.smartcatalogiq.com/en/2024-2025/undergraduate-bulletin/general-education/general-education-courses/john-jay-college-option-justice-core-300-level
JOHNJAY,JJAY_COLLEGE_JUSTICE_300,ANT 330,"American Cultural Pluralism, Justice and the Law",3,https://jjay.smartcatalogiq.com/en/2024-2025/undergraduate-bulletin/general-education/general-education-courses/john-jay-college-option-justice-core-300-level
JOHNJAY,JJAY_COLLEGE_JUSTICE_300,ANT 332,"Race, Ethnicity, Class and Gender in Anthropological Perspective",3,https://jjay.smartcatalogiq.com/en/2024-2025/undergraduate-bulletin/general-education/general-education-courses/john-jay-college-option-justice-core-300-level
JOHNJAY,JJAY_COLLEGE_JUSTICE_300,ANT 339,Asian American Identity and Struggles for Justice,3,https://jjay.smartcatalogiq.com/en/2024-2025/undergraduate-bulletin/general-education/general-education-courses/john-jay-college-option-justice-core-300-level
JOHNJAY,JJAY_COLLEGE_JUSTICE_300,ARA 301,Themes of Social Justice in Arabic Literature and Film,3,https://jjay.smartcatalogiq.com/en/2024-2025/undergraduate-bulletin/general-education/general-education-courses/john-jay-college-option-justice-core-300-level
JOHNJAY,JJAY_COLLEGE_JUSTICE_300,ART 318,Social Activism in the Visual Arts,3,https://jjay.smartcatalogiq.com/en/2024-2025/undergraduate-bulletin/general-education/general-education-courses/john-jay-college-option-justice-core-300-level
JOHNJAY,JJAY_COLLEGE_JUSTICE_300,ECO 342,Economic Inequality in the USA,3,https://jjay.smartcatalogiq.com/en/2024-2025/undergraduate-bulletin/general-education/general-education-courses/john-jay-college-option-justice-core-300-level
JOHNJAY,JJAY_COLLEGE_JUSTICE_300,EDU 300,Education for Social Change in the U.S.,3,https://jjay.smartcatalogiq.com/en/2024-2025/undergraduate-bulletin/general-education/general-education-courses/john-jay-college-option-justice-core-300-level
JOHNJAY,JJAY_COLLEGE_JUSTICE_300,EJS 300,Environmental Justice,3,https://jjay.smartcatalogiq.com/en/2024-2025/undergraduate-bulletin/general-education/general-education-courses/john-jay-college-option-justice-core-300-level
JOHNJAY,JJAY_COLLEGE_JUSTICE_300,ENG 328,Forensic Linguistics: Language as Evidence in the Courts,3,https://jjay.smartcatalogiq.com/en/2024-2025/undergraduate-bulletin/general-education/general-education-courses/john-jay-college-option-justice-core-300-level
JOHNJAY,JJAY_COLLEGE_JUSTICE_300,HIS 320,Topics in the History of Crime & Punishment in U.S,3,https://jjay.smartcatalogiq.com/en/2024-2025/undergraduate-bulletin/general-education/general-education-courses/john-jay-college-option-justice-core-300-level
JOHNJAY,JJAY_COLLEGE_JUSTICE_300,HIS 352,History & Justice in Wider World,3,https://jjay.smartcatalogiq.com/en/2024-2025/undergraduate-bulletin/general-education/general-education-courses/john-jay-college-option-justice-core-300-level
JOHNJAY,JJAY_COLLEGE_JUSTICE_300,HIS 359,History of Islamic Law,3,https://jjay.smartcatalogiq.com/en/2024-2025/undergraduate-bulletin/general-education/general-education-courses/john-jay-college-option-justice-core-300-level
JOHNJAY,JJAY_COLLEGE_JUSTICE_300,HIS 374,Premodern Punishment,3,https://jjay.smartcatalogiq.com/en/2024-2025/undergraduate-bulletin/general-education/general-education-courses/john-jay-college-option-justice-core-300-level
JOHNJAY,JJAY_COLLEGE_JUSTICE_300,HIS 375,Female Felons in the Premodern World,3,https://jjay.smartcatalogiq.com/en/2024-2025/undergraduate-bulletin/general-education/general-education-courses/john-jay-college-option-justice-core-300-level
JOHNJAY,JJAY_COLLEGE_JUSTICE_300,HJS 310,Comparative Perspectives on Justice,3,https://jjay.smartcatalogiq.com/en/2024-2025/undergraduate-bulletin/general-education/general-education-courses/john-jay-college-option-justice-core-300-level
JOHNJAY,JJAY_COLLEGE_JUSTICE_300,HON 301,The Idea of the Common Good Across Disciplines,3,https://jjay.smartcatalogiq.com/en/2024-2025/undergraduate-bulletin/general-education/general-education-courses/john-jay-college-option-justice-core-300-level
JOHNJAY,JJAY_COLLEGE_JUSTICE_300,HUM 300,Landmark U.S. Supreme Court Cases: Criminal Justice and Humanities Perspectives,3,https://jjay.smartcatalogiq.com/en/2024-2025/undergraduate-bulletin/general-education/general-education-courses/john-jay-college-option-justice-core-300-level
JOHNJAY,JJAY_COLLEGE_JUSTICE_300,ISP 321,"Moral, Legal and Ethical Dilemmas that Shape the U.S.A.",3,https://jjay.smartcatalogiq.com/en/2024-2025/undergraduate-bulletin/general-education/general-education-courses/john-jay-college-option-justice-core-300-level
JOHNJAY,JJAY_COLLEGE_JUSTICE_300,ISP 322,"Making Waves: Troublemakers, Gadflies and Whistleblowers",3,https://jjay.smartcatalogiq.com/en/2024-2025/undergraduate-bulletin/general-education/general-education-courses/john-jay-college-option-justice-core-300-level
JOHNJAY,JJAY_COLLEGE_JUSTICE_300,ISP 334,"Sex, Gender and Justice in Global Perspective",3,https://jjay.smartcatalogiq.com/en/2024-2025/undergraduate-bulletin/general-education/general-education-courses/john-jay-college-option-justice-core-300-level
JOHNJAY,JJAY_COLLEGE_JUSTICE_300,ISP 335,Violence in the Pursuit of Justice,3,https://jjay.smartcatalogiq.com/en/2024-2025/undergraduate-bulletin/general-education/general-education-courses/john-jay-college-option-justice-core-300-level
JOHNJAY,JJAY_COLLEGE_JUSTICE_300,ISP 336,Just Intentions: Global Humanitarianism,3,https://jjay.smartcatalogiq.com/en/2024-2025/undergraduate-bulletin/general-education/general-education-courses/john-jay-college-option-justice-core-300-level
JOHNJAY,JJAY_COLLEGE_JUSTICE_300,LIT 326,"Crime, Punishment and Justice in U.S. Literature",3,https://jjay.smartcatalogiq.com/en/2024-2025/undergraduate-bulletin/general-education/general-education-courses/john-jay-college-option-justice-core-300-level
JOHNJAY,JJAY_COLLEGE_JUSTICE_300,LIT 327,"Crime, Punishment and Justice in World Literature",3,https://jjay.smartcatalogiq.com/en/2024-2025/undergraduate-bulletin/general-education/general-education-courses/john-jay-college-option-justice-core-300-level
JOHNJAY,JJAY_COLLEGE_JUSTICE_300,LLS 322,Latinx Struggles for Civil Rights & Social Justice,3,https://jjay.smartcatalogiq.com/en/2024-2025/undergraduate-bulletin/general-education/general-education-courses/john-jay-college-option-justice-core-300-level
JOHNJAY,JJAY_COLLEGE_JUSTICE_300,LLS 325,Latinx Experience of Criminal Justice,3,https://jjay.smartcatalogiq.com/en/2024-2025/undergraduate-bulletin/general-education/general-education-courses/john-jay-college-option-justice-core-300-level
JOHNJAY,JJAY_COLLEGE_JUSTICE_300,LLS 341,Immigrant Rights in the Americas,3,https://jjay.smartcatalogiq.com/en/2024-2025/undergraduate-bulletin/general-education/general-education-courses/john-jay-college-option-justice-core-300-level
JOHNJAY,JJAY_COLLEGE_JUSTICE_300,LLS 343,Race and Citizenship in the Americas,3,https://jjay.smartcatalogiq.com/en/2024-2025/undergraduate-bulletin/general-education/general-education-courses/john-jay-college-option-justice-core-300-level
JOHNJAY,JJAY_COLLEGE_JUSTICE_300,LLS 362,Entangled Tongues: Bilingualism in U.S. Latinx Literature,3,https://jjay.smartcatalogiq.com/en/2024-2025/undergraduate-bulletin/general-education/general-education-courses/john-jay-college-option-justice-core-300-level
JOHNJAY,JJAY_COLLEGE_JUSTICE_300,LLS 363,Il-Legal Subjects: U.S. Latinx Literature and the Law,3,https://jjay.smartcatalogiq.com/en/2024-2025/undergraduate-bulletin/general-education/general-education-courses/john-jay-college-option-justice-core-300-level
JOHNJAY,JJAY_COLLEGE_JUSTICE_300,LLS 364,Ethical Strains in U.S. Latinx Literature,3,https://jjay.smartcatalogiq.com/en/2024-2025/undergraduate-bulletin/general-education/general-education-courses/john-jay-college-option-justice-core-300-level
JOHNJAY,JJAY_COLLEGE_JUSTICE_300,PHI 302,The Philosophy of Rights,3,https://jjay.smartcatalogiq.com/en/2024-2025/undergraduate-bulletin/general-education/general-education-courses/john-jay-college-option-justice-core-300-level
JOHNJAY,JJAY_COLLEGE_JUSTICE_300,PHI 317,Philosophy of Law in Global Perspective,3,https://jjay.smartcatalogiq.com/en/2024-2025/undergraduate-bulletin/general-education/general-education-courses/john-jay-college-option-justice-core-300-level
JOHNJAY,JJAY_COLLEGE_JUSTICE_300,PHI 358,Latin American Philosophy,3,https://jjay.smartcatalogiq.com/en/2024-2025/undergraduate-bulletin/general-education/general-education-courses/john-jay-college-option-justice-core-300-level
JOHNJAY,JJAY_COLLEGE_JUSTICE_300,POL 318,The Law and Politics of LGBTQ Rights,3,https://jjay.smartcatalogiq.com/en/2024-2025/undergraduate-bulletin/general-education/general-education-courses/john-jay-college-option-justice-core-300-level
JOHNJAY,JJAY_COLLEGE_JUSTICE_300,POL 320,International Human Rights,3,https://jjay.smartcatalogiq.com/en/2024-2025/undergraduate-bulletin/general-education/general-education-courses/john-jay-college-option-justice-core-300-level
JOHNJAY,JJAY_COLLEGE_JUSTICE_300,SOC 348,Abolition: From Slavery to Supermax,3,https://jjay.smartcatalogiq.com/en/2024-2025/undergraduate-bulletin/general-education/general-education-courses/john-jay-college-option-justice-core-300-level
JOHNJAY,JJAY_COLLEGE_JUSTICE_300,SOC 364,Food Justice,3,https://jjay.smartcatalogiq.com/en/2024-2025/undergraduate-bulletin/general-education/general-education-courses/john-jay-college-option-justice-core-300-level
JOHNJAY,JJAY_COLLEGE_JUSTICE_300,SOC 366,Drugs in U.S. Society,3,https://jjay.smartcatalogiq.com/en/2024-2025/undergraduate-bulletin/general-education/general-education-courses/john-jay-college-option-justice-core-300-level
JOHNJAY,JJAY_COLLEGE_JUSTICE_300,SPA 308,The Theme of Justice in Spanish Literature,3,https://jjay.smartcatalogiq.com/en/2024-2025/undergraduate-bulletin/general-education/general-education-courses/john-jay-college-option-justice-core-300-level
JOHNJAY,JJAY_COLLEGE_JUSTICE_300,SPA 309,The Theme of Justice in Spanish Lit (Taught in Spanish),3,https://jjay.smartcatalogiq.com/en/2024-2025/undergraduate-bulletin/general-education/general-education-courses/john-jay-college-option-justice-core-300-level
JOHNJAY,JJAY_COLLEGE_JUSTICE_300,SPA 335,Themes of Justice in Latin American Lit & Film,3,https://jjay.smartcatalogiq.com/en/2024-2025/undergraduate-bulletin/general-education/general-education-courses/john-jay-college-option-justice-core-300-level
JOHNJAY,JJAY_COLLEGE_JUSTICE_300,SPA 336,Themes of Justice in Latin American Lit & Film (Taught in Spanish),3,https://jjay.smartcatalogiq.com/en/2024-2025/undergraduate-bulletin/general-education/general-education-courses/john-jay-college-option-justice-core-300-level
JOHNJAY,JJAY_COLLEGE_JUSTICE_300,SUS 300,Environmental Justice,3,https://jjay.smartcatalogiq.com/en/2024-2025/undergraduate-bulletin/general-education/general-education-courses/john-jay-college-option-justice-core-300-level
JOHNJAY,JJAY_COLLEGE_LEARNING_PAST,AFR 150,Origins of Contemporary Africa,3,https://jjay.smartcatalogiq.com/en/2024-2025/undergraduate-bulletin/general-education/general-education-courses/john-jay-college-option-learning-from-the-past
JOHNJAY,JJAY_COLLEGE_LEARNING_PAST,AFR 204,"Religion, Terrorism and Violence in the Africana World",3,https://jjay.smartcatalogiq.com/en/2024-2025/undergraduate-bulletin/general-education/general-education-courses/john-jay-college-option-learning-from-the-past
JOHNJAY,JJAY_COLLEGE_LEARNING_PAST,AFR 239,African American Journeys,3,https://jjay.smartcatalogiq.com/en/2024-2025/undergraduate-bulletin/general-education/general-education-courses/john-jay-college-option-learning-from-the-past
JOHNJAY,JJAY_COLLEGE_LEARNING_PAST,ART 233,A Cultural History of Photography,3,https://jjay.smartcatalogiq.com/en/2024-2025/undergraduate-bulletin/general-education/general-education-courses/john-jay-college-option-learning-from-the-past
JOHNJAY,JJAY_COLLEGE_LEARNING_PAST,ART 252,Art and Myth in the Ancient World,3,https://jjay.smartcatalogiq.com/en/2024-2025/undergraduate-bulletin/general-education/general-education-courses/john-jay-college-option-learning-from-the-past
JOHNJAY,JJAY_COLLEGE_LEARNING_PAST,HIS 127,Microhistories: A Lens into the Past,3,https://jjay.smartcatalogiq.com/en/2024-2025/undergraduate-bulletin/general-education/general-education-courses/john-jay-college-option-learning-from-the-past
JOHNJAY,JJAY_COLLEGE_LEARNING_PAST,HIS 244,History of Eugenics: Science and the Construction of Race,3,https://jjay.smartcatalogiq.com/en/2024-2025/undergraduate-bulletin/general-education/general-education-courses/john-jay-college-option-learning-from-the-past
JOHNJAY,JJAY_COLLEGE_LEARNING_PAST,HJS 215,Race and Rebellion,3,https://jjay.smartcatalogiq.com/en/2024-2025/undergraduate-bulletin/general-education/general-education-courses/john-jay-college-option-learning-from-the-past
JOHNJAY,JJAY_COLLEGE_LEARNING_PAST,HJS 250,Justice in the Western Traditions,3,https://jjay.smartcatalogiq.com/en/2024-2025/undergraduate-bulletin/general-education/general-education-courses/john-jay-college-option-learning-from-the-past
JOHNJAY,JJAY_COLLEGE_LEARNING_PAST,ISP 101,Seeking the City: Interdisciplinary Perspectives on New York,3,https://jjay.smartcatalogiq.com/en/2024-2025/undergraduate-bulletin/general-education/general-education-courses/john-jay-college-option-learning-from-the-past
JOHNJAY,JJAY_COLLEGE_LEARNING_PAST,ISP 260,The Twentieth Century: A Decade in Depth,3,https://jjay.smartcatalogiq.com/en/2024-2025/undergraduate-bulletin/general-education/general-education-courses/john-jay-college-option-learning-from-the-past
JOHNJAY,JJAY_COLLEGE_LEARNING_PAST,ISP 264,Remembering & Forgetting in Public & Private,3,https://jjay.smartcatalogiq.com/en/2024-2025/undergraduate-bulletin/general-education/general-education-courses/john-jay-college-option-learning-from-the-past
JOHNJAY,JJAY_COLLEGE_LEARNING_PAST,LIT 130,"Magic and Monsters: Past Legends, Imagined Futures",3,https://jjay.smartcatalogiq.com/en/2024-2025/undergraduate-bulletin/general-education/general-education-courses/john-jay-college-option-learning-from-the-past
JOHNJAY,JJAY_COLLEGE_LEARNING_PAST,LIT 237,Literature as Witness,3,https://jjay.smartcatalogiq.com/en/2024-2025/undergraduate-bulletin/general-education/general-education-courses/john-jay-college-option-learning-from-the-past
JOHNJAY,JJAY_COLLEGE_LEARNING_PAST,LLS 130,Introduction to Latin American History,3,https://jjay.smartcatalogiq.com/en/2024-2025/undergraduate-bulletin/general-education/general-education-courses/john-jay-college-option-learning-from-the-past
JOHNJAY,JJAY_COLLEGE_LEARNING_PAST,SEI 101,"Social Entrepreneurship: Past, Present and Future",3,https://jjay.smartcatalogiq.com/en/2024-2025/undergraduate-bulletin/general-education/general-education-courses/john-jay-college-option-learning-from-the-past
JOHNJAY,JJAY_COLLEGE_COMMUNICATIONS,AFR 135,Africana Oral Traditions,3,https://jjay.smartcatalogiq.com/en/2024-2025/undergraduate-bulletin/general-education/general-education-courses/john-jay-college-option-communications
JOHNJAY,JJAY_COLLEGE_COMMUNICATIONS,ARA 102,Elementary Modern Standard Arabic II,3,https://jjay.smartcatalogiq.com/en/2024-2025/undergraduate-bulletin/general-education/general-education-courses/john-jay-college-option-communications
JOHNJAY,JJAY_COLLEGE_COMMUNICATIONS,ART 110,Ceramics Workshop,3,https://jjay.smartcatalogiq.com/en/2024-2025/undergraduate-bulletin/general-education/general-education-courses/john-jay-college-option-communications
JOHNJAY,JJAY_COLLEGE_COMMUNICATIONS,ART 111,Intro to Drawing,3,https://jjay.smartcatalogiq.com/en/2024-2025/undergraduate-bulletin/general-education/general-education-courses/john-jay-college-option-communications
JOHNJAY,JJAY_COLLEGE_COMMUNICATIONS,ART 113,Digital Photography I,3,https://jjay.smartcatalogiq.com/en/2024-2025/undergraduate-bulletin/general-education/general-education-courses/john-jay-college-option-communications
JOHNJAY,JJAY_COLLEGE_COMMUNICATIONS,ART 115,Introduction to Sculpture,3,https://jjay.smartcatalogiq.com/en/2024-2025/undergraduate-bulletin/general-education/general-education-courses/john-jay-college-option-communications
JOHNJAY,JJAY_COLLEGE_COMMUNICATIONS,ART 118,Introduction to Painting,3,https://jjay.smartcatalogiq.com/en/2024-2025/undergraduate-bulletin/general-education/general-education-courses/john-jay-college-option-communications
JOHNJAY,JJAY_COLLEGE_COMMUNICATIONS,ART 122,Eco Art and Design,3,https://jjay.smartcatalogiq.com/en/2024-2025/undergraduate-bulletin/general-education/general-education-courses/john-jay-college-option-communications
JOHNJAY,JJAY_COLLEGE_COMMUNICATIONS,ART 125,Graphic Design,3,https://jjay.smartcatalogiq.com/en/2024-2025/undergraduate-bulletin/general-education/general-education-courses/john-jay-college-option-communications
JOHNJAY,JJAY_COLLEGE_COMMUNICATIONS,ART 130,Sculpture and Digital Fabrication,3,https://jjay.smartcatalogiq.com/en/2024-2025/undergraduate-bulletin/general-education/general-education-courses/john-jay-college-option-communications
JOHNJAY,JJAY_COLLEGE_COMMUNICATIONS,ART 219,Museum and Curatorial Studies,3,https://jjay.smartcatalogiq.com/en/2024-2025/undergraduate-bulletin/general-education/general-education-courses/john-jay-college-option-communications
JOHNJAY,JJAY_COLLEGE_COMMUNICATIONS,ASL 102,Introductory American Sign Language II,3,https://jjay.smartcatalogiq.com/en/2024-2025/undergraduate-bulletin/general-education/general-education-courses/john-jay-college-option-communications
JOHNJAY,JJAY_COLLEGE_COMMUNICATIONS,CHI 102,Elementary Chinese II,3,https://jjay.smartcatalogiq.com/en/2024-2025/undergraduate-bulletin/general-education/general-education-courses/john-jay-college-option-communications
JOHNJAY,JJAY_COLLEGE_COMMUNICATIONS,COM 113,Oral Communication,3,https://jjay.smartcatalogiq.com/en/2024-2025/undergraduate-bulletin/general-education/general-education-courses/john-jay-college-option-communications
JOHNJAY,JJAY_COLLEGE_COMMUNICATIONS,COM 115,Social Encounters: Understanding Interpersonal Communication,3,https://jjay.smartcatalogiq.com/en/2024-2025/undergraduate-bulletin/general-education/general-education-courses/john-jay-college-option-communications
JOHNJAY,JJAY_COLLEGE_COMMUNICATIONS,COM 201,Argumentation and Debate,3,https://jjay.smartcatalogiq.com/en/2024-2025/undergraduate-bulletin/general-education/general-education-courses/john-jay-college-option-communications
JOHNJAY,JJAY_COLLEGE_COMMUNICATIONS,COM 250,Persuasion,3,https://jjay.smartcatalogiq.com/en/2024-2025/undergraduate-bulletin/general-education/general-education-courses/john-jay-college-option-communications
JOHNJAY,JJAY_COLLEGE_COMMUNICATIONS,ENG 253,"Technical Writing in Computer Science, Math, and Science",3,https://jjay.smartcatalogiq.com/en/2024-2025/undergraduate-bulletin/general-education/general-education-courses/john-jay-college-option-communications
JOHNJAY,JJAY_COLLEGE_COMMUNICATIONS,FRE 102,Introductory French II,3,https://jjay.smartcatalogiq.com/en/2024-2025/undergraduate-bulletin/general-education/general-education-courses/john-jay-college-option-communications
JOHNJAY,JJAY_COLLEGE_COMMUNICATIONS,GER 102,Introductory German II,3,https://jjay.smartcatalogiq.com/en/2024-2025/undergraduate-bulletin/general-education/general-education-courses/john-jay-college-option-communications
JOHNJAY,JJAY_COLLEGE_COMMUNICATIONS,HIS 144,Reacting to the Past,3,https://jjay.smartcatalogiq.com/en/2024-2025/undergraduate-bulletin/general-education/general-education-courses/john-jay-college-option-communications
JOHNJAY,JJAY_COLLEGE_COMMUNICATIONS,HUM 214,Writing in the Humanities: Writing for Real Life,3,https://jjay.smartcatalogiq.com/en/2024-2025/undergraduate-bulletin/general-education/general-education-courses/john-jay-college-option-communications
JOHNJAY,JJAY_COLLEGE_COMMUNICATIONS,ISP 171,Ripped from the Headlines: Art from Current Events,3,https://jjay.smartcatalogiq.com/en/2024-2025/undergraduate-bulletin/general-education/general-education-courses/john-jay-college-option-communications
JOHNJAY,JJAY_COLLEGE_COMMUNICATIONS,ISP 273,The Stories We Tell,3,https://jjay.smartcatalogiq.com/en/2024-2025/undergraduate-bulletin/general-education/general-education-courses/john-jay-college-option-communications
JOHNJAY,JJAY_COLLEGE_COMMUNICATIONS,ITA 102,Introductory Italian II,3,https://jjay.smartcatalogiq.com/en/2024-2025/undergraduate-bulletin/general-education/general-education-courses/john-jay-college-option-communications
JOHNJAY,JJAY_COLLEGE_COMMUNICATIONS,JPN 102,Elementary Japanese II,3,https://jjay.smartcatalogiq.com/en/2024-2025/undergraduate-bulletin/general-education/general-education-courses/john-jay-college-option-communications
JOHNJAY,JJAY_COLLEGE_COMMUNICATIONS,LIT 119,Just Joking? Reading and Writing Satire,3,https://jjay.smartcatalogiq.com/en/2024-2025/undergraduate-bulletin/general-education/general-education-courses/john-jay-college-option-communications
JOHNJAY,JJAY_COLLEGE_COMMUNICATIONS,LIT 170,Stories for Young People on Page and Screen,3,https://jjay.smartcatalogiq.com/en/2024-2025/undergraduate-bulletin/general-education/general-education-courses/john-jay-college-option-communications
JOHNJAY,JJAY_COLLEGE_COMMUNICATIONS,MUS 102,The Language of Music,3,https://jjay.smartcatalogiq.com/en/2024-2025/undergraduate-bulletin/general-education/general-education-courses/john-jay-college-option-communications
JOHNJAY,JJAY_COLLEGE_COMMUNICATIONS,MUS 115,The Art of Singing: Vocal Technique (was Intro to Vocal Technique),3,https://jjay.smartcatalogiq.com/en/2024-2025/undergraduate-bulletin/general-education/general-education-courses/john-jay-college-option-communications
JOHNJAY,JJAY_COLLEGE_COMMUNICATIONS,MUS 120,Piano,3,https://jjay.smartcatalogiq.com/en/2024-2025/undergraduate-bulletin/general-education/general-education-courses/john-jay-college-option-communications
JOHNJAY,JJAY_COLLEGE_COMMUNICATIONS,MUS 130,Chorus,3,https://jjay.smartcatalogiq.com/en/2024-2025/undergraduate-bulletin/general-education/general-education-courses/john-jay-college-option-communications
JOHNJAY,JJAY_COLLEGE_COMMUNICATIONS,MUS 140,Introduction to Guitar,3,https://jjay.smartcatalogiq.com/en/2024-2025/undergraduate-bulletin/general-education/general-education-courses/john-jay-college-option-communications
JOHNJAY,JJAY_COLLEGE_COMMUNICATIONS,MUS 236,Music Technology,3,https://jjay.smartcatalogiq.com/en/2024-2025/undergraduate-bulletin/general-education/general-education-courses/john-jay-college-option-communications
JOHNJAY,JJAY_COLLEGE_COMMUNICATIONS,POR 102,Elementary Portuguese II,3,https://jjay.smartcatalogiq.com/en/2024-2025/undergraduate-bulletin/general-education/general-education-courses/john-jay-college-option-communications
JOHNJAY,JJAY_COLLEGE_COMMUNICATIONS,SOC 245,Mindfulness and Managing Conflict,3,https://jjay.smartcatalogiq.com/en/2024-2025/undergraduate-bulletin/general-education/general-education-courses/john-jay-college-option-communications
JOHNJAY,JJAY_COLLEGE_COMMUNICATIONS,SPA 102,Introductory Spanish II,3,https://jjay.smartcatalogiq.com/en/2024-2025/undergraduate-bulletin/general-education/general-education-courses/john-jay-college-option-communications
JOHNJAY,JJAY_COLLEGE_COMMUNICATIONS,SPA 112,Introductory Spanish II for Heritage Students,3,https://jjay.smartcatalogiq.com/en/2024-2025/undergraduate-bulletin/general-education/general-education-courses/john-jay-college-option-communications
JOHNJAY,JJAY_COLLEGE_COMMUNICATIONS,SPA 202,Intermediate Spanish II,3,https://jjay.smartcatalogiq.com/en/2024-2025/undergraduate-bulletin/general-education/general-education-courses/john-jay-college-option-communications
JOHNJAY,JJAY_COLLEGE_COMMUNICATIONS,SPA 212,Intermediate Spanish II for Heritage Students,3,https://jjay.smartcatalogiq.com/en/2024-2025/undergraduate-bulletin/general-education/general-education-courses/john-jay-college-option-communications
JOHNJAY,JJAY_COLLEGE_COMMUNICATIONS,SPA 230,Translating I,3,https://jjay.smartcatalogiq.com/en/2024-2025/undergraduate-bulletin/general-education/general-education-courses/john-jay-college-option-communications
JOHNJAY,JJAY_COLLEGE_COMMUNICATIONS,SPA 231,Interpreting I,3,https://jjay.smartcatalogiq.com/en/2024-2025/undergraduate-bulletin/general-education/general-education-courses/john-jay-college-option-communications
JOHNJAY,JJAY_COLLEGE_COMMUNICATIONS,SSC 215,Writing in Criminal Justice: Bridging Theory and Practice in Research,3,https://jjay.smartcatalogiq.com/en/2024-2025/undergraduate-bulletin/general-education/general-education-courses/john-jay-college-option-communications
JOHNJAY,JJAY_COLLEGE_COMMUNICATIONS,SSC 220,Writing in the Social Sciences: Learning Powerful Authorship,3,https://jjay.smartcatalogiq.com/en/2024-2025/undergraduate-bulletin/general-education/general-education-courses/john-jay-college-option-communications
JOHNJAY,JJAY_CSIS_CSCI_ELECTIVE,CSCI 275,Linux System Administration and Security,3,https://jjay.smartcatalogiq.com/en/2024-2025/undergraduate-bulletin/majors/computer-science-and-information-security-bachelor-of-science/
JOHNJAY,JJAY_CSIS_CSCI_ELECTIVE,CSCI 358,Machine Learning,3,https://jjay.smartcatalogiq.com/en/2024-2025/undergraduate-bulletin/majors/computer-science-and-information-security-bachelor-of-science/
JOHNJAY,JJAY_CSIS_CSCI_ELECTIVE,CSCI 362,Databases and Data Mining,3,https://jjay.smartcatalogiq.com/en/2024-2025/undergraduate-bulletin/majors/computer-science-and-information-security-bachelor-of-science/
JOHNJAY,JJAY_CSIS_CSCI_ELECTIVE,CSCI 376,Artificial Intelligence,3,https://jjay.smartcatalogiq.com/en/2024-2025/undergraduate-bulletin/majors/computer-science-and-information-security-bachelor-of-science/
JOHNJAY,JJAY_CSIS_CSCI_ELECTIVE,CSCI 380,Selected Topics in Computer Science,3,https://jjay.smartcatalogiq.com/en/2024-2025/undergraduate-bulletin/majors/computer-science-and-information-security-bachelor-of-science/
JOHNJAY,JJAY_CSIS_CSCI_ELECTIVE,CSCI 385,Faculty Mentored Research Experience in Computer Science,3,https://jjay.smartcatalogiq.com/en/2024-2025/undergraduate-bulletin/majors/computer-science-and-information-security-bachelor-of-science/
JOHNJAY,JJAY_CSIS_CSCI_ELECTIVE,CSCI 404,Internship in Management Information Systems,3,https://jjay.smartcatalogiq.com/en/2024-2025/undergraduate-bulletin/majors/computer-science-and-information-security-bachelor-of-science/
JOHNJAY,JJAY_CSIS_CSCI_ELECTIVE,CSCI 421,Quantum Computing,3,https://jjay.smartcatalogiq.com/en/2024-2025/undergraduate-bulletin/majors/computer-science-and-information-security-bachelor-of-science/
JOHNJAY,JJAY_CSIS_MATH_ELECTIVE,MAT 152,Calculus II,4,https://jjay.smartcatalogiq.com/en/2024-2025/undergraduate-bulletin/majors/computer-science-and-information-security-bachelor-of-science/
JOHNJAY,JJAY_CSIS_MATH_ELECTIVE,MAT 242,Calculus II (legacy sequence),3,https://jjay.smartcatalogiq.com/en/2024-2025/undergraduate-bulletin/majors/computer-science-and-information-security-bachelor-of-science/
JOHNJAY,JJAY_CSIS_MATH_ELECTIVE,MAT 253,Calculus III,4,https://jjay.smartcatalogiq.com/en/2024-2025/undergraduate-bulletin/majors/computer-science-and-information-security-bachelor-of-science/
JOHNJAY,JJAY_CSIS_MATH_ELECTIVE,MAT 243,Calculus III (legacy sequence),3,https://jjay.smartcatalogiq.com/en/2024-2025/undergraduate-bulletin/majors/computer-science-and-information-security-bachelor-of-science/
JOHNJAY,JJAY_CSIS_MATH_ELECTIVE,MAT 244,Calculus IV (legacy; completed before Fall 2022),3,https://jjay.smartcatalogiq.com/en/2024-2025/undergraduate-bulletin/majors/computer-science-and-information-security-bachelor-of-science/
JOHNJAY,JJAY_CSIS_MATH_ELECTIVE,MAT 310,Linear Algebra,3,https://jjay.smartcatalogiq.com/en/2024-2025/undergraduate-bulletin/majors/computer-science-and-information-security-bachelor-of-science/
JOHNJAY,JJAY_CSIS_MATH_ELECTIVE,MAT 351,Introduction to Ordinary Differential Equations,3,https://jjay.smartcatalogiq.com/en/2024-2025/undergraduate-bulletin/majors/computer-science-and-information-security-bachelor-of-science/
JOHNJAY,JJAY_CSIS_MATH_ELECTIVE,MAT 371,Numerical Analysis,3,https://jjay.smartcatalogiq.com/en/2024-2025/undergraduate-bulletin/majors/computer-science-and-information-security-bachelor-of-science/
JOHNJAY,JJAY_CSIS_MATH_ELECTIVE,MAT 380,Selected Topics in Mathematics,3,https://jjay.smartcatalogiq.com/en/2024-2025/undergraduate-bulletin/majors/computer-science-and-information-security-bachelor-of-science/
JOHNJAY,JJAY_CSIS_MATH_ELECTIVE,MAT 385,Faculty Mentored Research Experience in Mathematics,3,https://jjay.smartcatalogiq.com/en/2024-2025/undergraduate-bulletin/majors/computer-science-and-information-security-bachelor-of-science/
JOHNJAY,JJAY_FREE_ELECTIVE,ENG 101,Composition I,3,https://jjay.smartcatalogiq.com/en/2024-2025/undergraduate-bulletin/
JOHNJAY,JJAY_FREE_ELECTIVE,ENG 201,Composition II,3,https://jjay.smartcatalogiq.com/en/2024-2025/undergraduate-bulletin/
JOHNJAY,JJAY_FREE_ELECTIVE,MAT 105,College Algebra,3,https://jjay.smartcatalogiq.com/en/2024-2025/undergraduate-bulletin/
JOHNJAY,JJAY_FREE_ELECTIVE,MAT 141,Pre-Calculus,3,https://jjay.smartcatalogiq.com/en/2024-2025/undergraduate-bulletin/
JOHNJAY,JJAY_FREE_ELECTIVE,MAT 151,Calculus I,4,https://jjay.smartcatalogiq.com/en/2024-2025/undergraduate-bulletin/
JOHNJAY,JJAY_FREE_ELECTIVE,MAT 204,Discrete Structures,3,https://jjay.smartcatalogiq.com/en/2024-2025/undergraduate-bulletin/
JOHNJAY,JJAY_FREE_ELECTIVE,MAT 301,Probability & Mathematical Statistics I,3,https://jjay.smartcatalogiq.com/en/2024-2025/undergraduate-bulletin/
JOHNJAY,JJAY_FREE_ELECTIVE,CSCI 271,Introduction to Computing and Programming,3,https://jjay.smartcatalogiq.com/en/2024-2025/undergraduate-bulletin/
JOHNJAY,JJAY_FREE_ELECTIVE,CSCI 272,Object-Oriented Programming,3,https://jjay.smartcatalogiq.com/en/2024-2025/undergraduate-bulletin/
JOHNJAY,JJAY_FREE_ELECTIVE,CSCI 274,Computer Architecture,3,https://jjay.smartcatalogiq.com/en/2024-2025/undergraduate-bulletin/
JOHNJAY,JJAY_FREE_ELECTIVE,CSCI 360,Cryptography and Cryptanalysis,3,https://jjay.smartcatalogiq.com/en/2024-2025/undergraduate-bulletin/
JOHNJAY,JJAY_FREE_ELECTIVE,CSCI 373,Advanced Data Structures,3,https://jjay.smartcatalogiq.com/en/2024-2025/undergraduate-bulletin/
JOHNJAY,JJAY_FREE_ELECTIVE,CSCI 374,Programming Languages,3,https://jjay.smartcatalogiq.com/en/2024-2025/undergraduate-bulletin/
JOHNJAY,JJAY_FREE_ELECTIVE,CSCI 375,Operating Systems,3,https://jjay.smartcatalogiq.com/en/2024-2025/undergraduate-bulletin/
JOHNJAY,JJAY_FREE_ELECTIVE,CSCI 377,Computer Algorithms,3,https://jjay.smartcatalogiq.com/en/2024-2025/undergraduate-bulletin/
JOHNJAY,JJAY_FREE_ELECTIVE,CSCI 379,Computer Networking,3,https://jjay.smartcatalogiq.com/en/2024-2025/undergraduate-bulletin/
JOHNJAY,JJAY_FREE_ELECTIVE,CSCI 400,Capstone Experience in Digital Forensics/Cybersecurity I,3,https://jjay.smartcatalogiq.com/en/2024-2025/undergraduate-bulletin/
JOHNJAY,JJAY_FREE_ELECTIVE,CSCI 401,Capstone Experience in Digital Forensics/Cybersecurity II,3,https://jjay.smartcatalogiq.com/en/2024-2025/undergraduate-bulletin/
JOHNJAY,JJAY_FREE_ELECTIVE,CSCI 411,Computer Security and Forensics,3,https://jjay.smartcatalogiq.com/en/2024-2025/undergraduate-bulletin/
JOHNJAY,JJAY_FREE_ELECTIVE,CSCI 412,Network Security & Forensics,3,https://jjay.smartcatalogiq.com/en/2024-2025/undergraduate-bulletin/
JOHNJAY,JJAY_FREE_ELECTIVE,PHI 216,Ethics and Information Technology,3,https://jjay.smartcatalogiq.com/en/2024-2025/undergraduate-bulletin/
JOHNJAY,JJAY_FREE_ELECTIVE,CSCI 275,Linux System Administration and Security,3,https://jjay.smartcatalogiq.com/en/2024-2025/undergraduate-bulletin/
JOHNJAY,JJAY_FREE_ELECTIVE,CSCI 358,Machine Learning,3,https://jjay.smartcatalogiq.com/en/2024-2025/undergraduate-bulletin/
JOHNJAY,JJAY_FREE_ELECTIVE,CSCI 362,Databases and Data Mining,3,https://jjay.smartcatalogiq.com/en/2024-2025/undergraduate-bulletin/
JOHNJAY,JJAY_FREE_ELECTIVE,CSCI 376,Artificial Intelligence,3,https://jjay.smartcatalogiq.com/en/2024-2025/undergraduate-bulletin/
JOHNJAY,JJAY_FREE_ELECTIVE,CSCI 380,Selected Topics in Computer Science,3,https://jjay.smartcatalogiq.com/en/2024-2025/undergraduate-bulletin/
JOHNJAY,JJAY_FREE_ELECTIVE,CSCI 385,Faculty Mentored Research Experience in Computer Science,3,https://jjay.smartcatalogiq.com/en/2024-2025/undergraduate-bulletin/
JOHNJAY,JJAY_FREE_ELECTIVE,CSCI 404,Internship in Management Information Systems,3,https://jjay.smartcatalogiq.com/en/2024-2025/undergraduate-bulletin/
JOHNJAY,JJAY_FREE_ELECTIVE,CSCI 421,Quantum Computing,3,https://jjay.smartcatalogiq.com/en/2024-2025/undergraduate-bulletin/
JOHNJAY,JJAY_FREE_ELECTIVE,MAT 152,Calculus II,4,https://jjay.smartcatalogiq.com/en/2024-2025/undergraduate-bulletin/
JOHNJAY,JJAY_FREE_ELECTIVE,MAT 242,Calculus II (legacy sequence),3,https://jjay.smartcatalogiq.com/en/2024-2025/undergraduate-bulletin/
JOHNJAY,JJAY_FREE_ELECTIVE,MAT 253,Calculus III,4,https://jjay.smartcatalogiq.com/en/2024-2025/undergraduate-bulletin/
JOHNJAY,JJAY_FREE_ELECTIVE,MAT 243,Calculus III (legacy sequence),3,https://jjay.smartcatalogiq.com/en/2024-2025/undergraduate-bulletin/
JOHNJAY,JJAY_FREE_ELECTIVE,MAT 244,Calculus IV (legacy; completed before Fall 2022),3,https://jjay.smartcatalogiq.com/en/2024-2025/undergraduate-bulletin/
JOHNJAY,JJAY_FREE_ELECTIVE,MAT 310,Linear Algebra,3,https://jjay.smartcatalogiq.com/en/2024-2025/undergraduate-bulletin/
JOHNJAY,JJAY_FREE_ELECTIVE,MAT 351,Introduction to Ordinary Differential Equations,3,https://jjay.smartcatalogiq.com/en/2024-2025/undergraduate-bulletin/
JOHNJAY,JJAY_FREE_ELECTIVE,MAT 371,Numerical Analysis,3,https://jjay.smartcatalogiq.com/en/2024-2025/undergraduate-bulletin/
JOHNJAY,JJAY_FREE_ELECTIVE,MAT 380,Selected Topics in Mathematics,3,https://jjay.smartcatalogiq.com/en/2024-2025/undergraduate-bulletin/
JOHNJAY,JJAY_FREE_ELECTIVE,MAT 385,Faculty Mentored Research Experience in Mathematics,3,https://jjay.smartcatalogiq.com/en/2024-2025/undergraduate-bulletin/
JOHNJAY,JJAY_FC_ADDITIONAL,AFR 121,Africana Communities in U.S.,3,https://jjay.smartcatalogiq.com/en/2024-2025/undergraduate-bulletin/general-education/general-education-courses/flexible-core-us-experience-in-its-diversity
JOHNJAY,JJAY_FC_ADDITIONAL,AFR 125,Race & Ethnicity in America,3,https://jjay.smartcatalogiq.com/en/2024-2025/undergraduate-bulletin/general-education/general-education-courses/flexible-core-us-experience-in-its-diversity
JOHNJAY,JJAY_FC_ADDITIONAL,AFR 132,Arts & Culture in the African Diaspora,3,https://jjay.smartcatalogiq.com/en/2024-2025/undergraduate-bulletin/general-education/general-education-courses/flexible-core-creative-expression
JOHNJAY,JJAY_FC_ADDITIONAL,AFR 140,Introduction to Africana Studies,3,https://jjay.smartcatalogiq.com/en/2024-2025/undergraduate-bulletin/general-education/general-education-courses/flexible-core-world-cultures-and-global-issues
JOHNJAY,JJAY_FC_ADDITIONAL,AFR 202,Hip Hop Justice,3,https://jjay.smartcatalogiq.com/en/2024-2025/undergraduate-bulletin/general-education/general-education-courses/flexible-core-creative-expression
JOHNJAY,JJAY_FC_ADDITIONAL,AFR 224,African American Women in Art,3,https://jjay.smartcatalogiq.com/en/2024-2025/undergraduate-bulletin/general-education/general-education-courses/flexible-core-us-experience-in-its-diversity
JOHNJAY,JJAY_FC_ADDITIONAL,AFR 241,Poetic Justice: Spoken Word Poetry and Performance,3,https://jjay.smartcatalogiq.com/en/2024-2025/undergraduate-bulletin/general-education/general-education-courses/flexible-core-creative-expression
JOHNJAY,JJAY_FC_ADDITIONAL,AFR 243,Africana Youth and Social Justice Struggles,3,https://jjay.smartcatalogiq.com/en/2024-2025/undergraduate-bulletin/general-education/general-education-courses/flexible-core-individual-and-society
JOHNJAY,JJAY_FC_ADDITIONAL,AFR 252,Race and Science,3,https://jjay.smartcatalogiq.com/en/2024-2025/undergraduate-bulletin/general-education/general-education-courses/flexible-core-scientific-world
JOHNJAY,JJAY_FC_ADDITIONAL,AFR 255,Community Innovation and Social Entrepreneurship,3,https://jjay.smartcatalogiq.com/en/2024-2025/undergraduate-bulletin/general-education/general-education-courses/flexible-core-us-experience-in-its-diversity
JOHNJAY,JJAY_FC_ADDITIONAL,AFR 263,Blacks in Latin America,3,https://jjay.smartcatalogiq.com/en/2024-2025/undergraduate-bulletin/general-education/general-education-courses/flexible-core-world-cultures-and-global-issues
JOHNJAY,JJAY_FC_ADDITIONAL,ANT 101,Introduction to Anthropology,3,https://jjay.smartcatalogiq.com/en/2024-2025/undergraduate-bulletin/general-education/general-education-courses/flexible-core-world-cultures-and-global-issues
JOHNJAY,JJAY_FC_ADDITIONAL,ANT 110,Drug Use & Abuse,3,https://jjay.smartcatalogiq.com/en/2024-2025/undergraduate-bulletin/general-education/general-education-courses/flexible-core-individual-and-society
JOHNJAY,JJAY_FC_ADDITIONAL,ANT 208,Urban Anthropology,3,https://jjay.smartcatalogiq.com/en/2024-2025/undergraduate-bulletin/general-education/general-education-courses/flexible-core-world-cultures-and-global-issues
JOHNJAY,JJAY_FC_ADDITIONAL,ANT 210,Sex and Culture,3,https://jjay.smartcatalogiq.com/en/2024-2025/undergraduate-bulletin/general-education/general-education-courses/flexible-core-individual-and-society
JOHNJAY,JJAY_FC_ADDITIONAL,ANT 229,Global Asian Popular Culture,3,https://jjay.smartcatalogiq.com/en/2024-2025/undergraduate-bulletin/general-education/general-education-courses/flexible-core-world-cultures-and-global-issues
JOHNJAY,JJAY_FC_ADDITIONAL,ANT 230,Culture and Crime,3,https://jjay.smartcatalogiq.com/en/2024-2025/undergraduate-bulletin/general-education/general-education-courses/flexible-core-world-cultures-and-global-issues
JOHNJAY,JJAY_FC_ADDITIONAL,ARA 101,Elementary Modern Standard Arabic I,3,https://jjay.smartcatalogiq.com/en/2024-2025/undergraduate-bulletin/general-education/general-education-courses/flexible-core-world-cultures-and-global-issues
JOHNJAY,JJAY_FC_ADDITIONAL,ARA 201,Intemediate Arabic I,3,https://jjay.smartcatalogiq.com/en/2024-2025/undergraduate-bulletin/general-education/general-education-courses/flexible-core-world-cultures-and-global-issues
JOHNJAY,JJAY_FC_ADDITIONAL,ART 101,Introduction to Art,3,https://jjay.smartcatalogiq.com/en/2024-2025/undergraduate-bulletin/general-education/general-education-courses/flexible-core-creative-expression
JOHNJAY,JJAY_FC_ADDITIONAL,ART 103,Art of the Italian Renaissance,3,https://jjay.smartcatalogiq.com/en/2024-2025/undergraduate-bulletin/general-education/general-education-courses/flexible-core-creative-expression
JOHNJAY,JJAY_FC_ADDITIONAL,ART 104,Non-Western Art & Visual Culture,3,https://jjay.smartcatalogiq.com/en/2024-2025/undergraduate-bulletin/general-education/general-education-courses/flexible-core-creative-expression
JOHNJAY,JJAY_FC_ADDITIONAL,ART 105,Modern Art,3,https://jjay.smartcatalogiq.com/en/2024-2025/undergraduate-bulletin/general-education/general-education-courses/flexible-core-creative-expression
JOHNJAY,JJAY_FC_ADDITIONAL,ART 106,Latin American Art,3,https://jjay.smartcatalogiq.com/en/2024-2025/undergraduate-bulletin/general-education/general-education-courses/flexible-core-creative-expression
JOHNJAY,JJAY_FC_ADDITIONAL,ART 201,Art in NY,3,https://jjay.smartcatalogiq.com/en/2024-2025/undergraduate-bulletin/general-education/general-education-courses/flexible-core-creative-expression
JOHNJAY,JJAY_FC_ADDITIONAL,ART 222,Body Politics,3,https://jjay.smartcatalogiq.com/en/2024-2025/undergraduate-bulletin/general-education/general-education-courses/flexible-core-individual-and-society
JOHNJAY,JJAY_FC_ADDITIONAL,ART 224,African American Women in Art,3,https://jjay.smartcatalogiq.com/en/2024-2025/undergraduate-bulletin/general-education/general-education-courses/flexible-core-us-experience-in-its-diversity
JOHNJAY,JJAY_FC_ADDITIONAL,ART 227,Haitian Art & Culture,3,https://jjay.smartcatalogiq.com/en/2024-2025/undergraduate-bulletin/general-education/general-education-courses/flexible-core-world-cultures-and-global-issues
JOHNJAY,JJAY_FC_ADDITIONAL,ART 232,African American Art: A Visual & Cultural History,3,https://jjay.smartcatalogiq.com/en/2024-2025/undergraduate-bulletin/general-education/general-education-courses/flexible-core-us-experience-in-its-diversity
JOHNJAY,JJAY_FC_ADDITIONAL,ART 254,Political Art,3,https://jjay.smartcatalogiq.com/en/2024-2025/undergraduate-bulletin/general-education/general-education-courses/flexible-core-creative-expression
JOHNJAY,JJAY_FC_ADDITIONAL,ASL 101,Introductory American Sign Language I,3,https://jjay.smartcatalogiq.com/en/2024-2025/undergraduate-bulletin/general-education/general-education-courses/flexible-core-world-cultures-and-global-issues
JOHNJAY,JJAY_FC_ADDITIONAL,AST 101,Cultures and Societies in Asia: Global Issues,3,https://jjay.smartcatalogiq.com/en/2024-2025/undergraduate-bulletin/general-education/general-education-courses/flexible-core-world-cultures-and-global-issues
JOHNJAY,JJAY_FC_ADDITIONAL,BIO 102,Paced Modern Biology I-B,3,https://jjay.smartcatalogiq.com/en/2024-2025/undergraduate-bulletin/general-education/general-education-courses/stem-variants-for-flexible-core-scientific-world
JOHNJAY,JJAY_FC_ADDITIONAL,BIO 103,Modern Biology I,5,https://jjay.smartcatalogiq.com/en/2024-2025/undergraduate-bulletin/general-education/general-education-courses/stem-variants-for-flexible-core-scientific-world
JOHNJAY,JJAY_FC_ADDITIONAL,BIO 104,Modern Biology II,4,https://jjay.smartcatalogiq.com/en/2024-2025/undergraduate-bulletin/general-education/general-education-courses/stem-variants-for-flexible-core-scientific-world
JOHNJAY,JJAY_FC_ADDITIONAL,BIO 255,Biology of Gender & Sexuality,3,https://jjay.smartcatalogiq.com/en/2024-2025/undergraduate-bulletin/general-education/general-education-courses/flexible-core-scientific-world
JOHNJAY,JJAY_FC_ADDITIONAL,CHE 102,General Chemistry I-B,3,https://jjay.smartcatalogiq.com/en/2024-2025/undergraduate-bulletin/general-education/general-education-courses/stem-variants-for-flexible-core-scientific-world
JOHNJAY,JJAY_FC_ADDITIONAL,CHE 103,General Chemistry I,5,https://jjay.smartcatalogiq.com/en/2024-2025/undergraduate-bulletin/general-education/general-education-courses/stem-variants-for-flexible-core-scientific-world
JOHNJAY,JJAY_FC_ADDITIONAL,CHE 104,General Chemistry II,4,https://jjay.smartcatalogiq.com/en/2024-2025/undergraduate-bulletin/general-education/general-education-courses/stem-variants-for-flexible-core-scientific-world
JOHNJAY,JJAY_FC_ADDITIONAL,CHE 201,Organic Chemistry I,4,https://jjay.smartcatalogiq.com/en/2024-2025/undergraduate-bulletin/general-education/general-education-courses/stem-variants-for-flexible-core-scientific-world
JOHNJAY,JJAY_FC_ADDITIONAL,CHE 202,Organic Chemistry II,4,https://jjay.smartcatalogiq.com/en/2024-2025/undergraduate-bulletin/general-education/general-education-courses/stem-variants-for-flexible-core-scientific-world
JOHNJAY,JJAY_FC_ADDITIONAL,CHE 220,Quantitative Analysis,4,https://jjay.smartcatalogiq.com/en/2024-2025/undergraduate-bulletin/general-education/general-education-courses/stem-variants-for-flexible-core-scientific-world
JOHNJAY,JJAY_FC_ADDITIONAL,CHI 101,Elementary Chinese I,3,https://jjay.smartcatalogiq.com/en/2024-2025/undergraduate-bulletin/general-education/general-education-courses/flexible-core-world-cultures-and-global-issues
JOHNJAY,JJAY_FC_ADDITIONAL,CHI 201,Intermediate Chinese I,3,https://jjay.smartcatalogiq.com/en/2024-2025/undergraduate-bulletin/general-education/general-education-courses/flexible-core-world-cultures-and-global-issues
JOHNJAY,JJAY_FC_ADDITIONAL,CSCI 271,Introduction to Computing and Programming,3,https://jjay.smartcatalogiq.com/en/2024-2025/undergraduate-bulletin/general-education/general-education-courses/stem-variants-for-flexible-core-scientific-world
JOHNJAY,JJAY_FC_ADDITIONAL,CSL 250,"Intimate Relationships: Love, Sex and Attachment",3,https://jjay.smartcatalogiq.com/en/2024-2025/undergraduate-bulletin/general-education/general-education-courses/flexible-core-individual-and-society
JOHNJAY,JJAY_FC_ADDITIONAL,CSL 260,Gender & Work Life,3,https://jjay.smartcatalogiq.com/en/2024-2025/undergraduate-bulletin/general-education/general-education-courses/flexible-core-us-experience-in-its-diversity
JOHNJAY,JJAY_FC_ADDITIONAL,DRA 110,Introduction to Theatre,3,https://jjay.smartcatalogiq.com/en/2024-2025/undergraduate-bulletin/general-education/general-education-courses/flexible-core-creative-expression
JOHNJAY,JJAY_FC_ADDITIONAL,DRA 212,History of Theater from Ancient Greece to Restoration (was History of the Drama I),3,https://jjay.smartcatalogiq.com/en/2024-2025/undergraduate-bulletin/general-education/general-education-courses/flexible-core-creative-expression
JOHNJAY,JJAY_FC_ADDITIONAL,DRA 217,Theater of Americas since 1960,3,https://jjay.smartcatalogiq.com/en/2024-2025/undergraduate-bulletin/general-education/general-education-courses/flexible-core-creative-expression
JOHNJAY,JJAY_FC_ADDITIONAL,DRA 225,Criminal Justice in Theatre,3,https://jjay.smartcatalogiq.com/en/2024-2025/undergraduate-bulletin/general-education/general-education-courses/flexible-core-creative-expression
JOHNJAY,JJAY_FC_ADDITIONAL,ECO 101,Introduction to Economics and Global Capitalism,3,https://jjay.smartcatalogiq.com/en/2024-2025/undergraduate-bulletin/general-education/general-education-courses/flexible-core-individual-and-society
JOHNJAY,JJAY_FC_ADDITIONAL,ECO 105,Understanding U.S. Economic Data,3,https://jjay.smartcatalogiq.com/en/2024-2025/undergraduate-bulletin/general-education/general-education-courses/flexible-core-us-experience-in-its-diversity
JOHNJAY,JJAY_FC_ADDITIONAL,EJS 200,Earth Justice: Intro to Sustainability Studies,3,https://jjay.smartcatalogiq.com/en/2024-2025/undergraduate-bulletin/general-education/general-education-courses/flexible-core-world-cultures-and-global-issues
JOHNJAY,JJAY_FC_ADDITIONAL,ENG 131,"Self, Media and Society",3,https://jjay.smartcatalogiq.com/en/2024-2025/undergraduate-bulletin/general-education/general-education-courses/flexible-core-individual-and-society
JOHNJAY,JJAY_FC_ADDITIONAL,ENG 225,"Interpreting Objects, Texts and Culture",3,https://jjay.smartcatalogiq.com/en/2024-2025/undergraduate-bulletin/general-education/general-education-courses/flexible-core-individual-and-society
JOHNJAY,JJAY_FC_ADDITIONAL,ENG 247,Creative Expression and Human Nature,3,https://jjay.smartcatalogiq.com/en/2024-2025/undergraduate-bulletin/general-education/general-education-courses/flexible-core-creative-expression
JOHNJAY,JJAY_FC_ADDITIONAL,FRE 101,Introductory French I,3,https://jjay.smartcatalogiq.com/en/2024-2025/undergraduate-bulletin/general-education/general-education-courses/flexible-core-world-cultures-and-global-issues
JOHNJAY,JJAY_FC_ADDITIONAL,FRE 201,Intermediate French I,3,https://jjay.smartcatalogiq.com/en/2024-2025/undergraduate-bulletin/general-education/general-education-courses/flexible-core-world-cultures-and-global-issues
JOHNJAY,JJAY_FC_ADDITIONAL,GEN 101,Introduction to Gender Studies,3,https://jjay.smartcatalogiq.com/en/2024-2025/undergraduate-bulletin/general-education/general-education-courses/flexible-core-individual-and-society
JOHNJAY,JJAY_FC_ADDITIONAL,GEN 255,Biology of Gender & Sexuality,3,https://jjay.smartcatalogiq.com/en/2024-2025/undergraduate-bulletin/general-education/general-education-courses/flexible-core-scientific-world
JOHNJAY,JJAY_FC_ADDITIONAL,GER 101,Introductory German I,3,https://jjay.smartcatalogiq.com/en/2024-2025/undergraduate-bulletin/general-education/general-education-courses/flexible-core-world-cultures-and-global-issues
JOHNJAY,JJAY_FC_ADDITIONAL,GER 201,Intermediate German I,3,https://jjay.smartcatalogiq.com/en/2024-2025/undergraduate-bulletin/general-education/general-education-courses/flexible-core-world-cultures-and-global-issues
JOHNJAY,JJAY_FC_ADDITIONAL,HIS 131,"Topics in History of Science, Technology & Medicine",3,https://jjay.smartcatalogiq.com/en/2024-2025/undergraduate-bulletin/general-education/general-education-courses/flexible-core-scientific-world
JOHNJAY,JJAY_FC_ADDITIONAL,HIS 201,United States History to 1865,3,https://jjay.smartcatalogiq.com/en/2024-2025/undergraduate-bulletin/general-education/general-education-courses/flexible-core-us-experience-in-its-diversity
JOHNJAY,JJAY_FC_ADDITIONAL,HIS 202,United States History since 1865,3,https://jjay.smartcatalogiq.com/en/2024-2025/undergraduate-bulletin/general-education/general-education-courses/flexible-core-us-experience-in-its-diversity
JOHNJAY,JJAY_FC_ADDITIONAL,HIS 203,The Ancient World,3,https://jjay.smartcatalogiq.com/en/2024-2025/undergraduate-bulletin/general-education/general-education-courses/flexible-core-world-cultures-and-global-issues
JOHNJAY,JJAY_FC_ADDITIONAL,HIS 204,The Medieval World,3,https://jjay.smartcatalogiq.com/en/2024-2025/undergraduate-bulletin/general-education/general-education-courses/flexible-core-world-cultures-and-global-issues
JOHNJAY,JJAY_FC_ADDITIONAL,HIS 205,The Modern World,3,https://jjay.smartcatalogiq.com/en/2024-2025/undergraduate-bulletin/general-education/general-education-courses/flexible-core-world-cultures-and-global-issues
JOHNJAY,JJAY_FC_ADDITIONAL,HIS 208,Exploring Global History,3,https://jjay.smartcatalogiq.com/en/2024-2025/undergraduate-bulletin/general-education/general-education-courses/flexible-core-world-cultures-and-global-issues
JOHNJAY,JJAY_FC_ADDITIONAL,HIS 214,Immigration and Ethnicity in the United States,3,https://jjay.smartcatalogiq.com/en/2024-2025/undergraduate-bulletin/general-education/general-education-courses/flexible-core-us-experience-in-its-diversity
JOHNJAY,JJAY_FC_ADDITIONAL,HIS 217,History of NYC (was Three Hundred Years of NYC),3,https://jjay.smartcatalogiq.com/en/2024-2025/undergraduate-bulletin/general-education/general-education-courses/flexible-core-us-experience-in-its-diversity
JOHNJAY,JJAY_FC_ADDITIONAL,HIS 263,Blacks in Latin America (was African Heritage in Caribbean),3,https://jjay.smartcatalogiq.com/en/2024-2025/undergraduate-bulletin/general-education/general-education-courses/flexible-core-world-cultures-and-global-issues
JOHNJAY,JJAY_FC_ADDITIONAL,HON 201,Critical Perspectives on the Common Good,3,https://jjay.smartcatalogiq.com/en/2024-2025/undergraduate-bulletin/general-education/general-education-courses/flexible-core-individual-and-society
JOHNJAY,JJAY_FC_ADDITIONAL,HON 202,Leadership & Common Good,3,https://jjay.smartcatalogiq.com/en/2024-2025/undergraduate-bulletin/general-education/general-education-courses/flexible-core-world-cultures-and-global-issues
JOHNJAY,JJAY_FC_ADDITIONAL,ISP 110,When Nature Roars: Global Catastrophe & Human Responsibility,3,https://jjay.smartcatalogiq.com/en/2024-2025/undergraduate-bulletin/general-education/general-education-courses/flexible-core-world-cultures-and-global-issues
JOHNJAY,JJAY_FC_ADDITIONAL,ISP 112,Going Places: Travel & Transformation,3,https://jjay.smartcatalogiq.com/en/2024-2025/undergraduate-bulletin/general-education/general-education-courses/flexible-core-world-cultures-and-global-issues
JOHNJAY,JJAY_FC_ADDITIONAL,ISP 115,Voices of Migration: Interdisciplinary Perspectives on Global Movement,3,https://jjay.smartcatalogiq.com/en/2024-2025/undergraduate-bulletin/general-education/general-education-courses/flexible-core-world-cultures-and-global-issues
JOHNJAY,JJAY_FC_ADDITIONAL,ISP 122,"""Those"" People: Stereotypes in U.S.A.",3,https://jjay.smartcatalogiq.com/en/2024-2025/undergraduate-bulletin/general-education/general-education-courses/flexible-core-us-experience-in-its-diversity
JOHNJAY,JJAY_FC_ADDITIONAL,ISP 125,You Are What You Eat: Food & Culture in the U.S.,3,https://jjay.smartcatalogiq.com/en/2024-2025/undergraduate-bulletin/general-education/general-education-courses/flexible-core-us-experience-in-its-diversity
JOHNJAY,JJAY_FC_ADDITIONAL,ISP 130,"Creative Movements: How, When and Why They Happen",3,https://jjay.smartcatalogiq.com/en/2024-2025/undergraduate-bulletin/general-education/general-education-courses/flexible-core-creative-expression
JOHNJAY,JJAY_FC_ADDITIONAL,ISP 132,Monsters and What They Mean,3,https://jjay.smartcatalogiq.com/en/2024-2025/undergraduate-bulletin/general-education/general-education-courses/flexible-core-creative-expression
JOHNJAY,JJAY_FC_ADDITIONAL,ISP 134,Imagining Other Worlds,3,https://jjay.smartcatalogiq.com/en/2024-2025/undergraduate-bulletin/general-education/general-education-courses/flexible-core-creative-expression
JOHNJAY,JJAY_FC_ADDITIONAL,ISP 135,True Crime and Popular Culture,3,https://jjay.smartcatalogiq.com/en/2024-2025/undergraduate-bulletin/general-education/general-education-courses/flexible-core-creative-expression
JOHNJAY,JJAY_FC_ADDITIONAL,ISP 140,Murder: Historical and Cultural Perspectives,3,https://jjay.smartcatalogiq.com/en/2024-2025/undergraduate-bulletin/general-education/general-education-courses/flexible-core-individual-and-society
JOHNJAY,JJAY_FC_ADDITIONAL,ISP 145,Why Gender Matters,3,https://jjay.smartcatalogiq.com/en/2024-2025/undergraduate-bulletin/general-education/general-education-courses/flexible-core-individual-and-society
JOHNJAY,JJAY_FC_ADDITIONAL,ISP 147,Life Stories,3,https://jjay.smartcatalogiq.com/en/2024-2025/undergraduate-bulletin/general-education/general-education-courses/flexible-core-individual-and-society
JOHNJAY,JJAY_FC_ADDITIONAL,ISP 211,Revolutions,3,https://jjay.smartcatalogiq.com/en/2024-2025/undergraduate-bulletin/general-education/general-education-courses/flexible-core-world-cultures-and-global-issues
JOHNJAY,JJAY_FC_ADDITIONAL,ISP 215,Colorism: A Global Perspective on Colonial Violence,3,https://jjay.smartcatalogiq.com/en/2024-2025/undergraduate-bulletin/general-education/general-education-courses/flexible-core-world-cultures-and-global-issues
JOHNJAY,JJAY_FC_ADDITIONAL,ISP 224,Constructions of Difference in the U.S.A.,3,https://jjay.smartcatalogiq.com/en/2024-2025/undergraduate-bulletin/general-education/general-education-courses/flexible-core-us-experience-in-its-diversity
JOHNJAY,JJAY_FC_ADDITIONAL,ISP 225,Re-Envisioning the U.S.A.,3,https://jjay.smartcatalogiq.com/en/2024-2025/undergraduate-bulletin/general-education/general-education-courses/flexible-core-us-experience-in-its-diversity
JOHNJAY,JJAY_FC_ADDITIONAL,ISP 226,White Supremacy: Constructions of Race and Institutionalized Racism,3,https://jjay.smartcatalogiq.com/en/2024-2025/undergraduate-bulletin/general-education/general-education-courses/flexible-core-us-experience-in-its-diversity
JOHNJAY,JJAY_FC_ADDITIONAL,ISP 235,Apples & Oranges: Form & Meaning in the Arts,3,https://jjay.smartcatalogiq.com/en/2024-2025/undergraduate-bulletin/general-education/general-education-courses/flexible-core-creative-expression
JOHNJAY,JJAY_FC_ADDITIONAL,ISP 236,Truth & Creativity: How We Make Meaning,3,https://jjay.smartcatalogiq.com/en/2024-2025/undergraduate-bulletin/general-education/general-education-courses/flexible-core-creative-expression
JOHNJAY,JJAY_FC_ADDITIONAL,ISP 237,Laughing at Ourselves: Comedy and Identity,3,https://jjay.smartcatalogiq.com/en/2024-2025/undergraduate-bulletin/general-education/general-education-courses/flexible-core-creative-expression
JOHNJAY,JJAY_FC_ADDITIONAL,ISP 242,Stuff: An Investigation into the Meaning of Things,3,https://jjay.smartcatalogiq.com/en/2024-2025/undergraduate-bulletin/general-education/general-education-courses/flexible-core-individual-and-society
JOHNJAY,JJAY_FC_ADDITIONAL,ISP 246,Forbidden Love: Cultural and Social Perspectives,3,https://jjay.smartcatalogiq.com/en/2024-2025/undergraduate-bulletin/general-education/general-education-courses/flexible-core-individual-and-society
JOHNJAY,JJAY_FC_ADDITIONAL,ISP 248,Getting Even: Forgiveness and Revenge,3,https://jjay.smartcatalogiq.com/en/2024-2025/undergraduate-bulletin/general-education/general-education-courses/flexible-core-individual-and-society
JOHNJAY,JJAY_FC_ADDITIONAL,ISP 255,Technology and Culture,3,https://jjay.smartcatalogiq.com/en/2024-2025/undergraduate-bulletin/general-education/general-education-courses/flexible-core-scientific-world
JOHNJAY,JJAY_FC_ADDITIONAL,ISP 265,Evolution and Its Impact,3,https://jjay.smartcatalogiq.com/en/2024-2025/undergraduate-bulletin/general-education/general-education-courses/flexible-core-scientific-world
JOHNJAY,JJAY_FC_ADDITIONAL,ITA 101,Introductory Italian I,3,https://jjay.smartcatalogiq.com/en/2024-2025/undergraduate-bulletin/general-education/general-education-courses/flexible-core-world-cultures-and-global-issues
JOHNJAY,JJAY_FC_ADDITIONAL,ITA 201,Intermediate Italian,3,https://jjay.smartcatalogiq.com/en/2024-2025/undergraduate-bulletin/general-education/general-education-courses/flexible-core-world-cultures-and-global-issues
JOHNJAY,JJAY_FC_ADDITIONAL,JPN 101,Elementary Japanese I,3,https://jjay.smartcatalogiq.com/en/2024-2025/undergraduate-bulletin/general-education/general-education-courses/flexible-core-world-cultures-and-global-issues
JOHNJAY,JJAY_FC_ADDITIONAL,JPN 201,Intermediate Japanese I,3,https://jjay.smartcatalogiq.com/en/2024-2025/undergraduate-bulletin/general-education/general-education-courses/flexible-core-world-cultures-and-global-issues
JOHNJAY,JJAY_FC_ADDITIONAL,JPN 251,"Japanese Manga and Anime: Gender, Culture and Society",3,https://jjay.smartcatalogiq.com/en/2024-2025/undergraduate-bulletin/general-education/general-education-courses/flexible-core-world-cultures-and-global-issues
JOHNJAY,JJAY_FC_ADDITIONAL,LIT 104,Whose Stories Get Told?,3,https://jjay.smartcatalogiq.com/en/2024-2025/undergraduate-bulletin/general-education/general-education-courses/flexible-core-creative-expression
JOHNJAY,JJAY_FC_ADDITIONAL,LIT 106,Introduction to Film,3,https://jjay.smartcatalogiq.com/en/2024-2025/undergraduate-bulletin/general-education/general-education-courses/flexible-core-creative-expression
JOHNJAY,JJAY_FC_ADDITIONAL,LIT 109,Stories and Numbers,3,https://jjay.smartcatalogiq.com/en/2024-2025/undergraduate-bulletin/general-education/general-education-courses/flexible-core-scientific-world
JOHNJAY,JJAY_FC_ADDITIONAL,LIT 133,Justice Across Literature,3,https://jjay.smartcatalogiq.com/en/2024-2025/undergraduate-bulletin/general-education/general-education-courses/flexible-core-creative-expression
JOHNJAY,JJAY_FC_ADDITIONAL,LIT 140,Crime Stories,3,https://jjay.smartcatalogiq.com/en/2024-2025/undergraduate-bulletin/general-education/general-education-courses/flexible-core-creative-expression
JOHNJAY,JJAY_FC_ADDITIONAL,LIT 142,"Science Fiction, Science Fact",3,https://jjay.smartcatalogiq.com/en/2024-2025/undergraduate-bulletin/general-education/general-education-courses/flexible-core-scientific-world
JOHNJAY,JJAY_FC_ADDITIONAL,LIT 230,Ancient Literature: Expressions of the Living Past,3,https://jjay.smartcatalogiq.com/en/2024-2025/undergraduate-bulletin/general-education/general-education-courses/flexible-core-creative-expression
JOHNJAY,JJAY_FC_ADDITIONAL,LIT 232,Reading the Modern World,3,https://jjay.smartcatalogiq.com/en/2024-2025/undergraduate-bulletin/general-education/general-education-courses/flexible-core-individual-and-society
JOHNJAY,JJAY_FC_ADDITIONAL,LIT 233,"This is America: Stories of Promise, Power, and Protest",3,https://jjay.smartcatalogiq.com/en/2024-2025/undergraduate-bulletin/general-education/general-education-courses/flexible-core-us-experience-in-its-diversity
JOHNJAY,JJAY_FC_ADDITIONAL,LIT 236,Literary Perspectives on Culture & Globalization,3,https://jjay.smartcatalogiq.com/en/2024-2025/undergraduate-bulletin/general-education/general-education-courses/flexible-core-world-cultures-and-global-issues
JOHNJAY,JJAY_FC_ADDITIONAL,LIT 239,Science in the Making,3,https://jjay.smartcatalogiq.com/en/2024-2025/undergraduate-bulletin/general-education/general-education-courses/flexible-core-scientific-world
JOHNJAY,JJAY_FC_ADDITIONAL,LIT 241,Murder on Screen and Stage,3,https://jjay.smartcatalogiq.com/en/2024-2025/undergraduate-bulletin/general-education/general-education-courses/flexible-core-creative-expression
JOHNJAY,JJAY_FC_ADDITIONAL,LIT 243,"Rights, Wrongs and Literature in Action",3,https://jjay.smartcatalogiq.com/en/2024-2025/undergraduate-bulletin/general-education/general-education-courses/flexible-core-individual-and-society
JOHNJAY,JJAY_FC_ADDITIONAL,LIT 258,Asians Speak Up! Reimagining Asian Lives from East to West,3,https://jjay.smartcatalogiq.com/en/2024-2025/undergraduate-bulletin/general-education/general-education-courses/flexible-core-world-cultures-and-global-issues
JOHNJAY,JJAY_FC_ADDITIONAL,LIT 267,Latinx Horror and Gothic in Literature and Film,3,https://jjay.smartcatalogiq.com/en/2024-2025/undergraduate-bulletin/general-education/general-education-courses/flexible-core-individual-and-society
JOHNJAY,JJAY_FC_ADDITIONAL,LIT 268,Latinx Graphic Novel,3,https://jjay.smartcatalogiq.com/en/2024-2025/undergraduate-bulletin/general-education/general-education-courses/flexible-core-us-experience-in-its-diversity
JOHNJAY,JJAY_FC_ADDITIONAL,LLS 110,Popular Music of the Caribbean,3,https://jjay.smartcatalogiq.com/en/2024-2025/undergraduate-bulletin/general-education/general-education-courses/flexible-core-creative-expression
JOHNJAY,JJAY_FC_ADDITIONAL,LLS 120,"Race, Criminal Justice and Latinx Communities",3,https://jjay.smartcatalogiq.com/en/2024-2025/undergraduate-bulletin/general-education/general-education-courses/flexible-core-individual-and-society
JOHNJAY,JJAY_FC_ADDITIONAL,LLS 124,Latinx Communities in the United States,3,https://jjay.smartcatalogiq.com/en/2024-2025/undergraduate-bulletin/general-education/general-education-courses/flexible-core-us-experience-in-its-diversity
JOHNJAY,JJAY_FC_ADDITIONAL,LLS 143,Introduction to Latinx Literature,3,https://jjay.smartcatalogiq.com/en/2024-2025/undergraduate-bulletin/general-education/general-education-courses/flexible-core-us-experience-in-its-diversity
JOHNJAY,JJAY_FC_ADDITIONAL,LLS 147,Criminal Justice in Latinx Literature,3,https://jjay.smartcatalogiq.com/en/2024-2025/undergraduate-bulletin/general-education/general-education-courses/flexible-core-us-experience-in-its-diversity
JOHNJAY,JJAY_FC_ADDITIONAL,LLS 203,U.S. Latinx Identity in the 21st Century,3,https://jjay.smartcatalogiq.com/en/2024-2025/undergraduate-bulletin/general-education/general-education-courses/flexible-core-us-experience-in-its-diversity
JOHNJAY,JJAY_FC_ADDITIONAL,LLS 217,Theater of Americas since 1960,3,https://jjay.smartcatalogiq.com/en/2024-2025/undergraduate-bulletin/general-education/general-education-courses/flexible-core-creative-expression
JOHNJAY,JJAY_FC_ADDITIONAL,LLS 223,Revolution & Social Change in Latin American Literature & Arts,3,https://jjay.smartcatalogiq.com/en/2024-2025/undergraduate-bulletin/general-education/general-education-courses/flexible-core-creative-expression
JOHNJAY,JJAY_FC_ADDITIONAL,LLS 227,Indigenous Latin America,3,https://jjay.smartcatalogiq.com/en/2024-2025/undergraduate-bulletin/general-education/general-education-courses/flexible-core-world-cultures-and-global-issues
JOHNJAY,JJAY_FC_ADDITIONAL,LLS 241,Latinx Populations and the City,3,https://jjay.smartcatalogiq.com/en/2024-2025/undergraduate-bulletin/general-education/general-education-courses/flexible-core-us-experience-in-its-diversity
JOHNJAY,JJAY_FC_ADDITIONAL,LLS 245,Dominican Society and Identity,3,https://jjay.smartcatalogiq.com/en/2024-2025/undergraduate-bulletin/general-education/general-education-courses/flexible-core-world-cultures-and-global-issues
JOHNJAY,JJAY_FC_ADDITIONAL,LLS 247,Growing Up Latinx,3,https://jjay.smartcatalogiq.com/en/2024-2025/undergraduate-bulletin/general-education/general-education-courses/flexible-core-individual-and-society
JOHNJAY,JJAY_FC_ADDITIONAL,LLS 255,Latin American Woman in Global Society,3,https://jjay.smartcatalogiq.com/en/2024-2025/undergraduate-bulletin/general-education/general-education-courses/flexible-core-individual-and-society
JOHNJAY,JJAY_FC_ADDITIONAL,LLS 263,The Black Experience in Latin America: Racism and Resistance,3,https://jjay.smartcatalogiq.com/en/2024-2025/undergraduate-bulletin/general-education/general-education-courses/flexible-core-world-cultures-and-global-issues
JOHNJAY,JJAY_FC_ADDITIONAL,LLS 270,Afro-Latinx Literature,3,https://jjay.smartcatalogiq.com/en/2024-2025/undergraduate-bulletin/general-education/general-education-courses/flexible-core-individual-and-society
JOHNJAY,JJAY_FC_ADDITIONAL,LLS 273,Latinx Film and Media,3,https://jjay.smartcatalogiq.com/en/2024-2025/undergraduate-bulletin/general-education/general-education-courses/flexible-core-us-experience-in-its-diversity
JOHNJAY,JJAY_FC_ADDITIONAL,MHC 125,Macaulay Seminar 1: The Arts in New York City,3,https://jjay.smartcatalogiq.com/en/2024-2025/undergraduate-bulletin/general-education/general-education-courses/flexible-core-creative-expression
JOHNJAY,JJAY_FC_ADDITIONAL,MHC 126,Macaulay Seminar 2: The People of New York City,3,https://jjay.smartcatalogiq.com/en/2024-2025/undergraduate-bulletin/general-education/general-education-courses/flexible-core-us-experience-in-its-diversity
JOHNJAY,JJAY_FC_ADDITIONAL,MHC 225,Macaulay Seminar 3: Science Forward,3,https://jjay.smartcatalogiq.com/en/2024-2025/undergraduate-bulletin/general-education/general-education-courses/flexible-core-scientific-world
JOHNJAY,JJAY_FC_ADDITIONAL,MHC 226,Macaulay Seminar 4: Shaping the Future of New York City,3,https://jjay.smartcatalogiq.com/en/2024-2025/undergraduate-bulletin/general-education/general-education-courses/flexible-core-individual-and-society
JOHNJAY,JJAY_FC_ADDITIONAL,MUS 101,Introduction to Music,3,https://jjay.smartcatalogiq.com/en/2024-2025/undergraduate-bulletin/general-education/general-education-courses/flexible-core-creative-expression
JOHNJAY,JJAY_FC_ADDITIONAL,MUS 103,American Popular Music from Jazz to Rock,3,https://jjay.smartcatalogiq.com/en/2024-2025/undergraduate-bulletin/general-education/general-education-courses/flexible-core-creative-expression
JOHNJAY,JJAY_FC_ADDITIONAL,MUS 104,Music in World Culture,3,https://jjay.smartcatalogiq.com/en/2024-2025/undergraduate-bulletin/general-education/general-education-courses/flexible-core-creative-expression
JOHNJAY,JJAY_FC_ADDITIONAL,MUS 108,"Music of the Harlem Renaissance, 1920-1940",3,https://jjay.smartcatalogiq.com/en/2024-2025/undergraduate-bulletin/general-education/general-education-courses/flexible-core-us-experience-in-its-diversity
JOHNJAY,JJAY_FC_ADDITIONAL,MUS 110,Popular Music of the Caribbean,3,https://jjay.smartcatalogiq.com/en/2024-2025/undergraduate-bulletin/general-education/general-education-courses/flexible-core-creative-expression
JOHNJAY,JJAY_FC_ADDITIONAL,MUS 211,Introduction to Afro-Caribbean Music and Dance,3,https://jjay.smartcatalogiq.com/en/2024-2025/undergraduate-bulletin/general-education/general-education-courses/flexible-core-creative-expression
JOHNJAY,JJAY_FC_ADDITIONAL,MUS 213,Fight the Powers That Be: Music and Social Activism,3,https://jjay.smartcatalogiq.com/en/2024-2025/undergraduate-bulletin/general-education/general-education-courses/flexible-core-world-cultures-and-global-issues
JOHNJAY,JJAY_FC_ADDITIONAL,PED 110,"Personal and Public Health: Social Contexts, Private Choices",3,https://jjay.smartcatalogiq.com/en/2024-2025/undergraduate-bulletin/general-education/general-education-courses/flexible-core-individual-and-society
JOHNJAY,JJAY_FC_ADDITIONAL,PHI 201,Philosophy of Art,3,https://jjay.smartcatalogiq.com/en/2024-2025/undergraduate-bulletin/general-education/general-education-courses/flexible-core-creative-expression
JOHNJAY,JJAY_FC_ADDITIONAL,PHI 202,Philosophical Visions of American Pluralism,3,https://jjay.smartcatalogiq.com/en/2024-2025/undergraduate-bulletin/general-education/general-education-courses/flexible-core-us-experience-in-its-diversity
JOHNJAY,JJAY_FC_ADDITIONAL,PHI 204,Symbolic Logic,3,https://jjay.smartcatalogiq.com/en/2024-2025/undergraduate-bulletin/general-education/general-education-courses/flexible-core-scientific-world
JOHNJAY,JJAY_FC_ADDITIONAL,PHI 210,Ethical Theory,3,https://jjay.smartcatalogiq.com/en/2024-2025/undergraduate-bulletin/general-education/general-education-courses/flexible-core-individual-and-society
JOHNJAY,JJAY_FC_ADDITIONAL,PHI 231,Big Questions: Introduction to Philosophy,3,https://jjay.smartcatalogiq.com/en/2024-2025/undergraduate-bulletin/general-education/general-education-courses/flexible-core-individual-and-society
JOHNJAY,JJAY_FC_ADDITIONAL,PHI 235,Philosophy of Science,3,https://jjay.smartcatalogiq.com/en/2024-2025/undergraduate-bulletin/general-education/general-education-courses/flexible-core-scientific-world
JOHNJAY,JJAY_FC_ADDITIONAL,PHI 238,Philosophy of Comedy,3,https://jjay.smartcatalogiq.com/en/2024-2025/undergraduate-bulletin/general-education/general-education-courses/flexible-core-creative-expression
JOHNJAY,JJAY_FC_ADDITIONAL,PHY 101,College Physics I (Liberal Arts Physics),4,https://jjay.smartcatalogiq.com/en/2024-2025/undergraduate-bulletin/general-education/general-education-courses/stem-variants-for-flexible-core-scientific-world
JOHNJAY,JJAY_FC_ADDITIONAL,PHY 102,College Physics II (Liberal Arts Physics),4,https://jjay.smartcatalogiq.com/en/2024-2025/undergraduate-bulletin/general-education/general-education-courses/stem-variants-for-flexible-core-scientific-world
JOHNJAY,JJAY_FC_ADDITIONAL,PHY 203,General Physics I,4,https://jjay.smartcatalogiq.com/en/2024-2025/undergraduate-bulletin/general-education/general-education-courses/stem-variants-for-flexible-core-scientific-world
JOHNJAY,JJAY_FC_ADDITIONAL,PHY 204,General Physics II,4,https://jjay.smartcatalogiq.com/en/2024-2025/undergraduate-bulletin/general-education/general-education-courses/stem-variants-for-flexible-core-scientific-world
JOHNJAY,JJAY_FC_ADDITIONAL,POL 101,American Government & Politics,3,https://jjay.smartcatalogiq.com/en/2024-2025/undergraduate-bulletin/general-education/general-education-courses/flexible-core-us-experience-in-its-diversity
JOHNJAY,JJAY_FC_ADDITIONAL,POL 237,Gender and Politics,3,https://jjay.smartcatalogiq.com/en/2024-2025/undergraduate-bulletin/general-education/general-education-courses/flexible-core-individual-and-society
JOHNJAY,JJAY_FC_ADDITIONAL,POL 246,Politics of Global Inequality,3,https://jjay.smartcatalogiq.com/en/2024-2025/undergraduate-bulletin/general-education/general-education-courses/flexible-core-world-cultures-and-global-issues
JOHNJAY,JJAY_FC_ADDITIONAL,POL 270,Political Philosophy,3,https://jjay.smartcatalogiq.com/en/2024-2025/undergraduate-bulletin/general-education/general-education-courses/flexible-core-individual-and-society
JOHNJAY,JJAY_FC_ADDITIONAL,POR 101,Elementary Portuguese I,3,https://jjay.smartcatalogiq.com/en/2024-2025/undergraduate-bulletin/general-education/general-education-courses/flexible-core-world-cultures-and-global-issues
JOHNJAY,JJAY_FC_ADDITIONAL,POR 201,Intermediate Portuguese I,3,https://jjay.smartcatalogiq.com/en/2024-2025/undergraduate-bulletin/general-education/general-education-courses/flexible-core-world-cultures-and-global-issues
JOHNJAY,JJAY_FC_ADDITIONAL,PSY 101,Introduction to Psychology,3,https://jjay.smartcatalogiq.com/en/2024-2025/undergraduate-bulletin/general-education/general-education-courses/flexible-core-individual-and-society
JOHNJAY,JJAY_FC_ADDITIONAL,PSY 210,Sex and Culture,3,https://jjay.smartcatalogiq.com/en/2024-2025/undergraduate-bulletin/general-education/general-education-courses/flexible-core-individual-and-society
JOHNJAY,JJAY_FC_ADDITIONAL,SCI 163,The Extraordinary Chemistry of Ordinary Things,3,https://jjay.smartcatalogiq.com/en/2024-2025/undergraduate-bulletin/general-education/general-education-courses/flexible-core-scientific-world
JOHNJAY,JJAY_FC_ADDITIONAL,SCI 166,Chemistry of Cooking,3,https://jjay.smartcatalogiq.com/en/2024-2025/undergraduate-bulletin/general-education/general-education-courses/flexible-core-scientific-world
JOHNJAY,JJAY_FC_ADDITIONAL,SCI 210,Toxin or Not,3,https://jjay.smartcatalogiq.com/en/2024-2025/undergraduate-bulletin/general-education/general-education-courses/flexible-core-scientific-world
JOHNJAY,JJAY_FC_ADDITIONAL,SCI 220,The Incredible Living Machine: The Human Body,3,https://jjay.smartcatalogiq.com/en/2024-2025/undergraduate-bulletin/general-education/general-education-courses/flexible-core-scientific-world
JOHNJAY,JJAY_FC_ADDITIONAL,SCI 222,Ecology of the Five Boroughs,3,https://jjay.smartcatalogiq.com/en/2024-2025/undergraduate-bulletin/general-education/general-education-courses/flexible-core-scientific-world
JOHNJAY,JJAY_FC_ADDITIONAL,SCI 225,The Science of Cosmetics,3,https://jjay.smartcatalogiq.com/en/2024-2025/undergraduate-bulletin/general-education/general-education-courses/flexible-core-scientific-world
JOHNJAY,JJAY_FC_ADDITIONAL,SOC 101,Introduction to Sociology,3,https://jjay.smartcatalogiq.com/en/2024-2025/undergraduate-bulletin/general-education/general-education-courses/flexible-core-individual-and-society
JOHNJAY,JJAY_FC_ADDITIONAL,SOC 110,Drug Use & Abuse (was Drug & Alcohol Use & Abuse),3,https://jjay.smartcatalogiq.com/en/2024-2025/undergraduate-bulletin/general-education/general-education-courses/flexible-core-individual-and-society
JOHNJAY,JJAY_FC_ADDITIONAL,SOC 213,Sociology of Race and Ethnic Relations,3,https://jjay.smartcatalogiq.com/en/2024-2025/undergraduate-bulletin/general-education/general-education-courses/flexible-core-us-experience-in-its-diversity
JOHNJAY,JJAY_FC_ADDITIONAL,SPA 101,Introductory Spanish I,3,https://jjay.smartcatalogiq.com/en/2024-2025/undergraduate-bulletin/general-education/general-education-courses/flexible-core-world-cultures-and-global-issues
JOHNJAY,JJAY_FC_ADDITIONAL,SPA 111,Introductory Spanish I for Heritage Students,3,https://jjay.smartcatalogiq.com/en/2024-2025/undergraduate-bulletin/general-education/general-education-courses/flexible-core-world-cultures-and-global-issues
JOHNJAY,JJAY_FC_ADDITIONAL,SPA 201,Intermediate Spanish I,3,https://jjay.smartcatalogiq.com/en/2024-2025/undergraduate-bulletin/general-education/general-education-courses/flexible-core-world-cultures-and-global-issues
JOHNJAY,JJAY_FC_ADDITIONAL,SPA 207,Latin America Through the Lens of Literature,3,https://jjay.smartcatalogiq.com/en/2024-2025/undergraduate-bulletin/general-education/general-education-courses/flexible-core-world-cultures-and-global-issues
JOHNJAY,JJAY_FC_ADDITIONAL,SPA 211,Intermediate Spanish I for Heritage Students,3,https://jjay.smartcatalogiq.com/en/2024-2025/undergraduate-bulletin/general-education/general-education-courses/flexible-core-world-cultures-and-global-issues
JOHNJAY,JJAY_FC_ADDITIONAL,SPA 217,Theater of Americas since 1960,3,https://jjay.smartcatalogiq.com/en/2024-2025/undergraduate-bulletin/general-education/general-education-courses/flexible-core-creative-expression
JOHNJAY,JJAY_FC_ADDITIONAL,SUS 200,Introduction to Sustainability Studies,3,https://jjay.smartcatalogiq.com/en/2024-2025/undergraduate-bulletin/general-education/general-education-courses/flexible-core-world-cultures-and-global-issues
BROOKLYN,BC_RC_LPS,ANTH 1200,Human Origins,3,https://www.brooklyn.edu/advisement/pathways/2025-26/
BROOKLYN,BC_RC_LPS,BIOL 1010,Biology: The Study of Life,3,https://www.brooklyn.edu/advisement/pathways/2025-26/
BROOKLYN,BC_RC_LPS,CHEM 1007,Chemistry in Modern Life,3,https://www.brooklyn.edu/advisement/pathways/2025-26/
BROOKLYN,BC_RC_LPS,EESC 1010,The Dynamic Earth,3,https://www.brooklyn.edu/advisement/pathways/2025-26/
BROOKLYN,BC_RC_LPS,PHYS 1005,Physics: The Simple Laws That Govern the Universe,3,https://www.brooklyn.edu/advisement/pathways/2025-26/
BROOKLYN,BC_RC_LPS,BIOL 1001,General Biology I,3,https://www.brooklyn.edu/advisement/pathways/2025-26/
BROOKLYN,BC_RC_LPS,BIOL 1002,General Biology II,3,https://www.brooklyn.edu/advisement/pathways/2025-26/
BROOKLYN,BC_RC_LPS,BIOL 1501,General Biology I,3,https://www.brooklyn.edu/advisement/pathways/2025-26/
BROOKLYN,BC_RC_LPS,BIOL 1502,General Biology II,3,https://www.brooklyn.edu/advisement/pathways/2025-26/
BROOKLYN,BC_RC_LPS,CHEM 1040,General Chemistry,3,https://www.brooklyn.edu/advisement/pathways/2025-26/
BROOKLYN,BC_RC_LPS,CHEM 1100,General Chemistry I,3,https://www.brooklyn.edu/advisement/pathways/2025-26/
BROOKLYN,BC_RC_LPS,CHEM 1200,General Chemistry II,3,https://www.brooklyn.edu/advisement/pathways/2025-26/
BROOKLYN,BC_RC_LPS,PHYS 1100,General Physics I,3,https://www.brooklyn.edu/advisement/pathways/2025-26/
BROOKLYN,BC_RC_LPS,PHYS 1150,General Physics II,3,https://www.brooklyn.edu/advisement/pathways/2025-26/
BROOKLYN,BC_FC_WORLD,AFST 3135,Black Political Identity in a Transnational Context,3,https://www.brooklyn.edu/advisement/pathways/2025-26/
BROOKLYN,BC_FC_WORLD,ANTH 1105,Comparative Studies in Cultures and Transformation,3,https://www.brooklyn.edu/advisement/pathways/2025-26/
BROOKLYN,BC_FC_WORLD,ARTD 3105,The Development of the Silk Road,3,https://www.brooklyn.edu/advisement/pathways/2025-26/
BROOKLYN,BC_FC_WORLD,ARTD 3134,Women and African Art,3,https://www.brooklyn.edu/advisement/pathways/2025-26/
BROOKLYN,BC_FC_WORLD,CLAS 1110,"Tyranny, Democracy, Empire: Classical Cultures",3,https://www.brooklyn.edu/advisement/pathways/2025-26/
BROOKLYN,BC_FC_WORLD,ENGL 2004,Literature and Film,3,https://www.brooklyn.edu/advisement/pathways/2025-26/
BROOKLYN,BC_FC_WORLD,CLAS 3245,Comparative Identity Politics,3,https://www.brooklyn.edu/advisement/pathways/2025-26/
BROOKLYN,BC_FC_WORLD,ENGL 2007,The Emergence of the Modern,3,https://www.brooklyn.edu/advisement/pathways/2025-26/
BROOKLYN,BC_FC_WORLD,ENGL 2008,"The Quest for Ethnic, Cultural, and National Identities in Literature",3,https://www.brooklyn.edu/advisement/pathways/2025-26/
BROOKLYN,BC_FC_WORLD,ENGL 2009,Introduction to Literary Studies,3,https://www.brooklyn.edu/advisement/pathways/2025-26/
BROOKLYN,BC_FC_WORLD,HIST 1101,The Shaping of the Modern World,3,https://www.brooklyn.edu/advisement/pathways/2025-26/
BROOKLYN,BC_FC_WORLD,JUST 1145,Classical Jewish Texts,3,https://www.brooklyn.edu/advisement/pathways/2025-26/
BROOKLYN,BC_FC_WORLD,PRLS 3105,Puerto Rican and Latin@ Cultural Formations,3,https://www.brooklyn.edu/advisement/pathways/2025-26/
BROOKLYN,BC_FC_US,AFST 3265,(Re)presenting Black Men,3,https://www.brooklyn.edu/advisement/pathways/2025-26/
BROOKLYN,BC_FC_US,AMST 1010,American Identities,3,https://www.brooklyn.edu/advisement/pathways/2025-26/
BROOKLYN,BC_FC_US,AMST 3212,Decade in Crisis: The 1960s,3,https://www.brooklyn.edu/advisement/pathways/2025-26/
BROOKLYN,BC_FC_US,ANTH 3135,The American Urban Experience,3,https://www.brooklyn.edu/advisement/pathways/2025-26/
BROOKLYN,BC_FC_US,ENGL 2001,"Literature, Ethnicity, and Immigration",3,https://www.brooklyn.edu/advisement/pathways/2025-26/
BROOKLYN,BC_FC_US,FILM 2124,American Film Comedy,3,https://www.brooklyn.edu/advisement/pathways/2025-26/
BROOKLYN,BC_FC_US,HIST 1201,American Pluralism to 1877,3,https://www.brooklyn.edu/advisement/pathways/2025-26/
BROOKLYN,BC_FC_US,HIST 1202,American Pluralism Since 1877,3,https://www.brooklyn.edu/advisement/pathways/2025-26/
BROOKLYN,BC_FC_US,JUST 2047,American Jewish History,3,https://www.brooklyn.edu/advisement/pathways/2025-26/
BROOKLYN,BC_FC_US,JUST 2085,Jews of New York,3,https://www.brooklyn.edu/advisement/pathways/2025-26/
BROOKLYN,BC_FC_US,MUSC 3101,Music in Global America,3,https://www.brooklyn.edu/advisement/pathways/2025-26/
BROOKLYN,BC_FC_US,PHIL 3130,American Philosophy,3,https://www.brooklyn.edu/advisement/pathways/2025-26/
BROOKLYN,BC_FC_US,POLS 1230,"People, Power, and Politics",3,https://www.brooklyn.edu/advisement/pathways/2025-26/
BROOKLYN,BC_FC_US,PRLS 1001,Introduction to Puerto Rican and Latin@ Studies,3,https://www.brooklyn.edu/advisement/pathways/2025-26/
BROOKLYN,BC_FC_US,PRLS 3203,Latino/a Diasporas in the United States,3,https://www.brooklyn.edu/advisement/pathways/2025-26/
BROOKLYN,BC_FC_US,SEED 1001,Critical Issues in U.S. Education,3,https://www.brooklyn.edu/advisement/pathways/2025-26/
BROOKLYN,BC_FC_US,SOCY 1201,Sociology of Hip Hop,3,https://www.brooklyn.edu/advisement/pathways/2025-26/
BROOKLYN,BC_FC_US,SPCL 3000,LGBTQ Youth in Educational Contexts,3,https://www.brooklyn.edu/advisement/pathways/2025-26/
BROOKLYN,BC_FC_US,WGST 1001,Introduction to Women’s Studies,3,https://www.brooklyn.edu/advisement/pathways/2025-26/
BROOKLYN,BC_FC_CREATIVE,ARTD 1010,Art: Its History and Meaning,3,https://www.brooklyn.edu/advisement/pathways/2025-26/
BROOKLYN,BC_FC_CREATIVE,MUSC 1300,"Music: Its Language, History, and Culture",3,https://www.brooklyn.edu/advisement/pathways/2025-26/
BROOKLYN,BC_FC_CREATIVE,MUSC 1400,Fundamentals of Music,3,https://www.brooklyn.edu/advisement/pathways/2025-26/
BROOKLYN,BC_FC_CREATIVE,THEA 1001,Introduction to Theater Arts,3,https://www.brooklyn.edu/advisement/pathways/2025-26/
BROOKLYN,BC_FC_CREATIVE,THEA 1101,Introduction to Acting,3,https://www.brooklyn.edu/advisement/pathways/2025-26/
BROOKLYN,BC_FC_CREATIVE,TREM 1165,Introduction to Mass Media,3,https://www.brooklyn.edu/advisement/pathways/2025-26/
BROOKLYN,BC_FC_CREATIVE,TREM 1199,Podcasting for All,3,https://www.brooklyn.edu/advisement/pathways/2025-26/
BROOKLYN,BC_FC_INDIVIDUAL,AMST 1001,Introduction to the American Experience,3,https://www.brooklyn.edu/advisement/pathways/2025-26/
BROOKLYN,BC_FC_INDIVIDUAL,CASD 1707,Public Speaking,3,https://www.brooklyn.edu/advisement/pathways/2025-26/
BROOKLYN,BC_FC_INDIVIDUAL,SEED 2001,Foundations of Education,3,https://www.brooklyn.edu/advisement/pathways/2025-26/
BROOKLYN,BC_FC_INDIVIDUAL,CLAS 2109,The Self and Society,3,https://www.brooklyn.edu/advisement/pathways/2025-26/
BROOKLYN,BC_FC_INDIVIDUAL,RELG 3030,"Heroes, Gods, Monsters",3,https://www.brooklyn.edu/advisement/pathways/2025-26/
BROOKLYN,BC_FC_INDIVIDUAL,ECAE 2004,Early Childhood Education Foundations,3,https://www.brooklyn.edu/advisement/pathways/2025-26/
BROOKLYN,BC_FC_INDIVIDUAL,ENGL 2002,Ideas of Character in the Western Literary Tradition,3,https://www.brooklyn.edu/advisement/pathways/2025-26/
BROOKLYN,BC_FC_INDIVIDUAL,ENGL 2006,Text/Context,3,https://www.brooklyn.edu/advisement/pathways/2025-26/
BROOKLYN,BC_FC_INDIVIDUAL,HNSC 3314,Human Encounters with Death and Bereavement,3,https://www.brooklyn.edu/advisement/pathways/2025-26/
BROOKLYN,BC_FC_INDIVIDUAL,JUST 2017,Jewish Approaches to Ethical Issues,3,https://www.brooklyn.edu/advisement/pathways/2025-26/
BROOKLYN,BC_FC_INDIVIDUAL,MLAN 2015,Representations of Criminality and Authority,3,https://www.brooklyn.edu/advisement/pathways/2025-26/
BROOKLYN,BC_FC_INDIVIDUAL,MLAN 2610,Literature in Translation,3,https://www.brooklyn.edu/advisement/pathways/2025-26/
BROOKLYN,BC_FC_INDIVIDUAL,PHIL 2101,Introduction to the Problems of Philosophy,3,https://www.brooklyn.edu/advisement/pathways/2025-26/
BROOKLYN,BC_FC_INDIVIDUAL,PHIL 2501,Philosophical Issues in Literature,3,https://www.brooklyn.edu/advisement/pathways/2025-26/
BROOKLYN,BC_FC_INDIVIDUAL,SOCY 1101,Introduction to Sociology,3,https://www.brooklyn.edu/advisement/pathways/2025-26/
BROOKLYN,BC_FC_INDIVIDUAL,SOCY 1200,Sociology of Sport,3,https://www.brooklyn.edu/advisement/pathways/2025-26/
BROOKLYN,BC_FC_SCIENTIFIC,ANTH 1205,Studies in Forensic Science,3,https://www.brooklyn.edu/advisement/pathways/2025-26/
BROOKLYN,BC_FC_SCIENTIFIC,ANTH 2205,Forensic Anthropology,3,https://www.brooklyn.edu/advisement/pathways/2025-26/
BROOKLYN,BC_FC_SCIENTIFIC,CHEM 1011,"Pharmaceutical Research, Development, and Approval",3,https://www.brooklyn.edu/advisement/pathways/2025-26/
BROOKLYN,BC_FC_SCIENTIFIC,CHEM 1012,Chemistry in the Arts and Archaeology,3,https://www.brooklyn.edu/advisement/pathways/2025-26/
BROOKLYN,BC_FC_SCIENTIFIC,CISC 1003,Exploring Robotics,3,https://www.brooklyn.edu/advisement/pathways/2025-26/
BROOKLYN,BC_FC_SCIENTIFIC,EESC 1050,Society and the Ocean,3,https://www.brooklyn.edu/advisement/pathways/2025-26/
BROOKLYN,BC_FC_SCIENTIFIC,EESC 1060,Sustainable Water Resources Management,3,https://www.brooklyn.edu/advisement/pathways/2025-26/
BROOKLYN,BC_FC_SCIENTIFIC,HNSC 1100,Personal and Community Health,3,https://www.brooklyn.edu/advisement/pathways/2025-26/
BROOKLYN,BC_FC_SCIENTIFIC,HNSC 1200,Fundamentals of Nutrition,3,https://www.brooklyn.edu/advisement/pathways/2025-26/
BROOKLYN,BC_FC_SCIENTIFIC,PHYS 1040,The Making of the Atomic Bomb,3,https://www.brooklyn.edu/advisement/pathways/2025-26/
BROOKLYN,BC_FC_SCIENTIFIC,PHYS 1070,Cosmology,3,https://www.brooklyn.edu/advisement/pathways/2025-26/
BROOKLYN,BC_FC_SCIENTIFIC,PHYS 1080,Energy Use and Climate Change,3,https://www.brooklyn.edu/advisement/pathways/2025-26/
BROOKLYN,BC_FC_SCIENTIFIC,EESC 1101,General Geology,3,https://www.brooklyn.edu/advisement/pathways/2025-26/
BROOKLYN,BC_FC_SCIENTIFIC,LING 2001,Introduction to Linguistics,3,https://www.brooklyn.edu/advisement/pathways/2025-26/
BROOKLYN,BC_FC_SCIENTIFIC,PHYS 1100,General Physics I,3,https://www.brooklyn.edu/advisement/pathways/2025-26/
BROOKLYN,BC_FC_SCIENTIFIC,PHYS 1150,General Physics II,3,https://www.brooklyn.edu/advisement/pathways/2025-26/
BROOKLYN,BC_CS_ADV_CISC,CISC 3160,Programming Languages,3,https://www.brooklyn.edu/advisement/pathways/2025-26/
BROOKLYN,BC_CS_ADV_CISC,CISC 3171,Introduction to Software Engineering,3,https://www.brooklyn.edu/advisement/pathways/2025-26/
BROOKLYN,BC_CS_ADV_CISC,CISC 3325,Information Security,3,https://www.brooklyn.edu/advisement/pathways/2025-26/
BROOKLYN,BC_CS_ADV_CISC,CISC 3330,Parallel and Distributed Computing,3,https://www.brooklyn.edu/advisement/pathways/2025-26/
BROOKLYN,BC_CS_ADV_CISC,CISC 3335,Client-Server Web Programming,3,https://www.brooklyn.edu/advisement/pathways/2025-26/
BROOKLYN,BC_CS_ADV_CISC,CISC 3340,Computer Networks and Protocols,3,https://www.brooklyn.edu/advisement/pathways/2025-26/
BROOKLYN,BC_CS_ADV_CISC,CISC 3343,Telecommunications,3,https://www.brooklyn.edu/advisement/pathways/2025-26/
BROOKLYN,BC_CS_ADV_CISC,CISC 3345,Computer Networks,3,https://www.brooklyn.edu/advisement/pathways/2025-26/
BROOKLYN,BC_CS_ADV_CISC,CISC 3350,Workstation Programming,3,https://www.brooklyn.edu/advisement/pathways/2025-26/
BROOKLYN,BC_CS_ADV_CISC,CISC 3390,Compiler Construction,3,https://www.brooklyn.edu/advisement/pathways/2025-26/
BROOKLYN,BC_CS_ADV_CISC,CISC 3410,Artificial Intelligence,3,https://www.brooklyn.edu/advisement/pathways/2025-26/
BROOKLYN,BC_CS_ADV_CISC,CISC 3415,Principles of Robotics,3,https://www.brooklyn.edu/advisement/pathways/2025-26/
BROOKLYN,BC_CS_ADV_CISC,CISC 3440,Machine Learning,3,https://www.brooklyn.edu/advisement/pathways/2025-26/
BROOKLYN,BC_CS_ADV_CISC,CISC 3610,Introduction to Multimedia Programming,3,https://www.brooklyn.edu/advisement/pathways/2025-26/
BROOKLYN,BC_CS_ADV_CISC,CISC 3620,Computer Graphics,3,https://www.brooklyn.edu/advisement/pathways/2025-26/
BROOKLYN,BC_CS_ADV_CISC,CISC 3630,Multimedia Computing,3,https://www.brooklyn.edu/advisement/pathways/2025-26/
BROOKLYN,BC_CS_ADV_CISC,CISC 3640,Digital Image Processing,3,https://www.brooklyn.edu/advisement/pathways/2025-26/
BROOKLYN,BC_CS_ADV_CISC,CISC 3645,Multimedia Security,3,https://www.brooklyn.edu/advisement/pathways/2025-26/
BROOKLYN,BC_CS_ADV_CISC,CISC 3650,Human-Computer Interaction,3,https://www.brooklyn.edu/advisement/pathways/2025-26/
BROOKLYN,BC_CS_ADV_CISC,CISC 3660,Game Programming,3,https://www.brooklyn.edu/advisement/pathways/2025-26/
BROOKLYN,BC_CS_ADV_CISC,CISC 3667,Game Design and Development,3,https://www.brooklyn.edu/advisement/pathways/2025-26/
BROOKLYN,BC_CS_ADV_CISC,CISC 3800,Advanced Personal Computer Techniques for Business,3,https://www.brooklyn.edu/advisement/pathways/2025-26/
BROOKLYN,BC_CS_ADV_CISC,CISC 3810,Database Systems,3,https://www.brooklyn.edu/advisement/pathways/2025-26/
BROOKLYN,BC_CS_ADV_CISC,CISC 3820,Introduction to Modeling and Simulation,3,https://www.brooklyn.edu/advisement/pathways/2025-26/
BROOKLYN,BC_CS_ADV_CISC,CISC 4331,System and Network Administration,3,https://www.brooklyn.edu/advisement/pathways/2025-26/
BROOKLYN,BC_CS_ADV_CISC,CISC 4335,Parallel and Distributed Computing,3,https://www.brooklyn.edu/advisement/pathways/2025-26/
BROOKLYN,BC_CS_ADV_CISC,CISC 4610,Multimedia Databases II,3,https://www.brooklyn.edu/advisement/pathways/2025-26/
BROOKLYN,BC_COLLEGE_OPTION,AFST 3247,Literature of the African Diaspora,3,https://www.brooklyn.edu/advisement/pathways/2025-26/
BROOKLYN,BC_COLLEGE_OPTION,AFST 3349,The Caribbeanization of North America,3,https://www.brooklyn.edu/advisement/pathways/2025-26/
BROOKLYN,BC_COLLEGE_OPTION,ANTH 1100,Culture and Society,3,https://www.brooklyn.edu/advisement/pathways/2025-26/
BROOKLYN,BC_COLLEGE_OPTION,ANTH 1300,People and Language,3,https://www.brooklyn.edu/advisement/pathways/2025-26/
BROOKLYN,BC_COLLEGE_OPTION,ARTD 3124,Foundations of Islamic Art,3,https://www.brooklyn.edu/advisement/pathways/2025-26/
BROOKLYN,BC_COLLEGE_OPTION,ARTD 3169,Global Contemporary Art,3,https://www.brooklyn.edu/advisement/pathways/2025-26/
BROOKLYN,BC_COLLEGE_OPTION,CASD 1619,Intercultural Communication,3,https://www.brooklyn.edu/advisement/pathways/2025-26/
BROOKLYN,BC_COLLEGE_OPTION,CLAS 3030,Black Classicism,3,https://www.brooklyn.edu/advisement/pathways/2025-26/
BROOKLYN,BC_COLLEGE_OPTION,CLAS 3113,English Professional Language,3,https://www.brooklyn.edu/advisement/pathways/2025-26/
BROOKLYN,BC_COLLEGE_OPTION,CLAS 3209,After Alexander: A Confluence of Cultures,3,https://www.brooklyn.edu/advisement/pathways/2025-26/
BROOKLYN,BC_COLLEGE_OPTION,ITAL 2510,The Italian Cultural Heritage,3,https://www.brooklyn.edu/advisement/pathways/2025-26/
BROOKLYN,BC_COLLEGE_OPTION,JUST 1025,The Jewish Diaspora,3,https://www.brooklyn.edu/advisement/pathways/2025-26/
BROOKLYN,BC_COLLEGE_OPTION,MLAN 2150,Intercultural Literacy and Competence,3,https://www.brooklyn.edu/advisement/pathways/2025-26/
BROOKLYN,BC_COLLEGE_OPTION,PRLS 2105,New York Latin@ Culture and the Arts,3,https://www.brooklyn.edu/advisement/pathways/2025-26/
BROOKLYN,BC_COLLEGE_OPTION,ARAB 1010,Elementary Arabic I,3,https://www.brooklyn.edu/advisement/pathways/2025-26/
BROOKLYN,BC_COLLEGE_OPTION,CHIN 1010,Elementary Chinese I,3,https://www.brooklyn.edu/advisement/pathways/2025-26/
BROOKLYN,BC_COLLEGE_OPTION,FREN 1010,Elementary French I,3,https://www.brooklyn.edu/advisement/pathways/2025-26/
BROOKLYN,BC_COLLEGE_OPTION,ITAL 1010,Elementary Italian I,3,https://www.brooklyn.edu/advisement/pathways/2025-26/
BROOKLYN,BC_COLLEGE_OPTION,JAPN 1010,Elementary Japanese I,3,https://www.brooklyn.edu/advisement/pathways/2025-26/
BROOKLYN,BC_COLLEGE_OPTION,RUSS 1010,Elementary Russian I,3,https://www.brooklyn.edu/advisement/pathways/2025-26/
BROOKLYN,BC_COLLEGE_OPTION,SPAN 1010,Elementary Spanish I,3,https://www.brooklyn.edu/advisement/pathways/2025-26/
BROOKLYN,BC_COLLEGE_OPTION,ARAB 1020,Elementary Arabic II,3,https://www.brooklyn.edu/advisement/pathways/2025-26/
BROOKLYN,BC_COLLEGE_OPTION,CHIN 1020,Elementary Chinese II,3,https://www.brooklyn.edu/advisement/pathways/2025-26/
BROOKLYN,BC_COLLEGE_OPTION,FREN 1020,Elementary French II,3,https://www.brooklyn.edu/advisement/pathways/2025-26/
BROOKLYN,BC_COLLEGE_OPTION,ITAL 1020,Elementary Italian II,3,https://www.brooklyn.edu/advisement/pathways/2025-26/
BROOKLYN,BC_COLLEGE_OPTION,JAPN 1020,Elementary Japanese II,3,https://www.brooklyn.edu/advisement/pathways/2025-26/
BROOKLYN,BC_COLLEGE_OPTION,RUSS 1020,Elementary Russian II,3,https://www.brooklyn.edu/advisement/pathways/2025-26/
BROOKLYN,BC_COLLEGE_OPTION,SPAN 1020,Elementary Spanish II,3,https://www.brooklyn.edu/advisement/pathways/2025-26/
BROOKLYN,BC_GENERAL_ELECTIVE,ENGL 1010,English Composition I,3,https://www.brooklyn.edu/academics/programs/computer-science-bs/
BROOKLYN,BC_GENERAL_ELECTIVE,ENGL 1012,English Composition II,3,https://www.brooklyn.edu/academics/programs/computer-science-bs/
BROOKLYN,BC_GENERAL_ELECTIVE,MATH 1011,Precalculus Mathematics,3,https://www.brooklyn.edu/academics/programs/computer-science-bs/
BROOKLYN,BC_GENERAL_ELECTIVE,MATH 1012,Precalculus with Recitation,3,https://www.brooklyn.edu/academics/programs/computer-science-bs/
BROOKLYN,BC_GENERAL_ELECTIVE,MATH 1006,College Algebra for Precalculus,3,https://www.brooklyn.edu/academics/programs/computer-science-bs/
BROOKLYN,BC_GENERAL_ELECTIVE,CISC 1115,Introduction to Programming Using Java,4,https://www.brooklyn.edu/academics/programs/computer-science-bs/
BROOKLYN,BC_GENERAL_ELECTIVE,CISC 1170,Java for Programmers,4,https://www.brooklyn.edu/academics/programs/computer-science-bs/
BROOKLYN,BC_GENERAL_ELECTIVE,CISC 2210,Introduction to Discrete Structures,3,https://www.brooklyn.edu/academics/programs/computer-science-bs/
BROOKLYN,BC_GENERAL_ELECTIVE,CISC 3115,Introduction to Modern Programming Techniques,4,https://www.brooklyn.edu/academics/programs/computer-science-bs/
BROOKLYN,BC_GENERAL_ELECTIVE,CISC 3130,Data Structures,4,https://www.brooklyn.edu/academics/programs/computer-science-bs/
BROOKLYN,BC_GENERAL_ELECTIVE,CISC 3140,Design and Implementation of Large-Scale Web Applications,3,https://www.brooklyn.edu/academics/programs/computer-science-bs/
BROOKLYN,BC_GENERAL_ELECTIVE,CISC 3142,Programming Paradigms in C++,3,https://www.brooklyn.edu/academics/programs/computer-science-bs/
BROOKLYN,BC_GENERAL_ELECTIVE,CISC 3305,Computer Organization,3,https://www.brooklyn.edu/academics/programs/computer-science-bs/
BROOKLYN,BC_GENERAL_ELECTIVE,CISC 3310,Principles of Computer Architecture,3,https://www.brooklyn.edu/academics/programs/computer-science-bs/
BROOKLYN,BC_GENERAL_ELECTIVE,CISC 3320,Operating Systems,3,https://www.brooklyn.edu/academics/programs/computer-science-bs/
BROOKLYN,BC_GENERAL_ELECTIVE,CISC 3220,Analysis of Algorithms,3,https://www.brooklyn.edu/academics/programs/computer-science-bs/
BROOKLYN,BC_GENERAL_ELECTIVE,CISC 3230,Theoretical Computer Science,3,https://www.brooklyn.edu/academics/programs/computer-science-bs/
BROOKLYN,BC_GENERAL_ELECTIVE,CISC 2820W,Computers and Ethics,3,https://www.brooklyn.edu/academics/programs/computer-science-bs/
BROOKLYN,BC_GENERAL_ELECTIVE,PHIL 3318W,Ethics and Technology,3,https://www.brooklyn.edu/academics/programs/computer-science-bs/
BROOKLYN,BC_GENERAL_ELECTIVE,CISC 4900,Independent and Group Projects I,3,https://www.brooklyn.edu/academics/programs/computer-science-bs/
BROOKLYN,BC_GENERAL_ELECTIVE,CISC 5001,Independent Study and Research I,3,https://www.brooklyn.edu/academics/programs/computer-science-bs/
BROOKLYN,BC_GENERAL_ELECTIVE,MATH 1201,Calculus I,4,https://www.brooklyn.edu/academics/programs/computer-science-bs/
BROOKLYN,BC_GENERAL_ELECTIVE,MATH 1206,Calculus II,4,https://www.brooklyn.edu/academics/programs/computer-science-bs/
BROOKLYN,BC_GENERAL_ELECTIVE,MATH 2501,Elementary Probability and Statistics,3,https://www.brooklyn.edu/academics/programs/computer-science-bs/
BROOKLYN,BC_GENERAL_ELECTIVE,MATH 3501,Probability and Statistics,3,https://www.brooklyn.edu/academics/programs/computer-science-bs/
BMCC,BMCC_GENERAL_ELECTIVE,PAN 240,Research Methods in Nonprofit and Public Administration,3,https://www.bmcc.cuny.edu/academics/departments/business-management/public-and-nonprofit-administration/
BMCC,BMCC_GENERAL_ELECTIVE,PAN 250,Performance Measurement: Collecting and Interpreting Data,3,https://www.bmcc.cuny.edu/academics/departments/business-management/public-and-nonprofit-administration/
